(5 + (4 * x * (1 / ((x * x) ^ 2)))),((-2 / (x * x)) + (x + x + x + x) + x + (5 ^ pi))
(-1/2 + (2 * x * (1 / x)) + (2 * Ln(x))),((Ln(x) * (x + x)) + (pi + e + x + 1) + x + (x * -5/2))
-9/4,((e * -2) + (x * 1 * (-3/4 * -1/4) * (1 * 1 * -3 * 4)))
(-17/15 + (2 * x)),(((x + -9/5 + -1/3) * x) + x)
((-1 * (1 / (1 / x)) * (1 / (x ^ 2))) + (1 / x)),(Ln(x) + Ln((5 / x)) + (-7/4 / (-8/5 ^ 3/4)) + -1)
((-64/15 * e * Cos((-64/15 * e * x))) + (-1 * Sin(x)) + (2/3 * x)),(((x * 1/3 * x) + Cos(x)) + Sin((e * 8/3 * -8/5 * x)))
(5 + (8 * (x ^ -9) * Sin((x ^ -8)))),(x + ((-1 + x) + 5/3 + x + x) + Cos((x ^ -8)) + x)
((-1/2 * (x ^ -3/2)) + ((1 / Sin(x)) * Cos(x))),(Ln(Sin(x)) + Cos(e) + (x ^ -1/2))
2,((x + (-1/5 * pi) + pi + 4/3) + (6 + x) + Cos((x / x)))
((-7/3 * (x ^ -10/3)) + (-1 * e * (Cos(x) ^ (-1 + e)) * Sin(x))),((7/2 + 4/3) + (x ^ -7/3) + (Cos(x) ^ e) + (x * Ln(x) * 0))
(2 + (-1/5 * (x ^ -6/5))),(-9/5 + ((4 * 2/5) + e + (x ^ -1/5) + (x + x + 0)))
(3/5 + (-1/2 * Sin(e) * Cos(2))),((x * Cos(2) * -1/2 * Sin(e)) + (x / 5/3) + Sin(pi))
5,((x + x + x) + (x + -9/5 + x) + 1/3)
((-7/5 * (x ^ -12/5)) + (2 * Sin(-6/5))),((x ^ -7/5) + Log_6(Sin(-5/2)) + (Sin(-6/5) * (e + x + x + -2/3)))
1,(4/3 + (1 * 0) + -1/3 + x)
(2 + (((-1 * Cos(x) * Ln(x)) + ((1 / x) * Sin(x))) * (1 / (Sin(x) ^ 2)))),((Ln(x) / Sin(x)) + -4 + ((x + 9/2 + 7/4) + x + (pi ^ -2)))
1,((x + -3) + Ln(2))
(1 + (Ln(3/2) * (3/2 ^ Sin(x)) * Cos(x))),(Sin(Cos(-9)) + x + (3/2 ^ Sin(x)) + 3/5)
1,(3/2 + x + (6 * Cos(pi) * 5/2 * 4))
3,((pi ^ Log_pi(2)) + 2 + (6/5 + x + x) + x)
9/4,(2 + (-7/4 * x) + (x + x + x + 2) + (-8 + Cos(-8) + x))
(1 / x),(Ln((6 * x)) + 2)
-1,((-2 ^ 4) + (-4/5 + (-1 * x)) + ((pi ^ 8/5) + 3/2 + 0))
2,(((x + x) + pi + Sin(7/2) + 2) + (-4 + 2))
((pi * (x ^ (-1 + pi))) + (x * (1 / x)) + Ln(x)),((0 * -2 * x) + (x * Ln(x)) + (x ^ pi) + -1)
(1 + (-1 * Sin((e + x)))),(Cos((-6/5 / 9)) + Cos((x + e)) + (Sin(pi) + -7/3 + (6/5 / -9) + x))
2,(-2/5 + x + x)
Cos(x),((-6/5 + 1 + 4) + (1 + Sin(x)))
(3 + (((-3 * Cos(x)) + (3 * x * Sin(x))) * Cos(9/5))),((Cos(9/5) * x * Cos(x) * -3) + x + (x + 3/4 + Ln(6/5) + x))
((2 * e * x) + (1 / ((5/2 + pi + x) * Ln(5/2))) + Cos(x)),((e * x * x) + Sin(x) + Log_5/2((x + 5/2 + pi)))
2,((x + 5) + x + Cos(e))
(1 + Cos(x)),(Sin(x) + x + (6/5 * Sin(pi)))
(2 + (1 / x) + Cos(x)),((x + -4 + x + Ln(x)) + (Sin(x) + (-1 * e)) + e)
0,(x + (5 + (-1 * x)) + (-4/3 + 1))
(-3 * ((9/4 + (2 * x)) ^ -5/2)),(Cos(e) + ((9/4 + x + x) ^ -3/2) + 3)
(8/3 + (2 * x)),((x + (x * x) + -1/4) + (x * 5/3) + 1 + (-2/5 * 5/4))
(3 + Cos(x)),((-4/5 + x + -5/4 + x) + x + Sin(2) + Sin((0 + x)))
(1 + (-1 * Sin(x)) + (2 * Cos((2 * x)))),(Sin((x + x)) + 9/2 + (x + Cos(x)))
(-12 * (x ^ -5/2)),((-4/3 * (x ^ -3/2) * -6) + pi)
0,(Sin(-1/5) + (1/4 + 3) + (Cos(-4/5) * 1/3))
0,((-7/3 + (-1 * x)) + (8/5 + x))
(1 + pi + (-10/3 * x)),(x + ((-5/3 * x * x) + (pi * x) + (pi ^ -5/4)))
(-6/5 + (-1 * Sin((-1/5 + x))) + (((-5/2 * (1 + x)) + (5/2 * x)) * (1 / ((5/2 * x) ^ 2)))),((x * -6/5) + ((1 + x) / (5/2 * x)) + Cos((-6/5 + x + -2 + 3)))
(1 + (-1 * Sin(x))),(x + (-2 / Ln(2)) + (5/4 ^ 0) + Cos(x))
-13,(((7/4 * -8 * x) + x) + (-3/5 + (-1 * pi)))
(2 * Cos((-4 + (2 * x)))),(Sin((x + -1/2 + x + -7/2)) + 9)
((-1 * Sin(x)) + (1/3 * pi)),((x * (pi * 1/3)) + 7/5 + Cos(x))
(e + (-1 * Sin(x))),((x * e) + (Cos(x) + 4/3 + Cos(pi)) + Sin(5/2))
(2 + (((-1 * x * (1 / x)) + (-1 * Ln(x))) * Sin(pi)) + (Ln(2) * (2 ^ Sin(x)) * Cos(x))),((2 ^ Sin(x)) + (x * -1 * Sin(pi) * Ln(x)) + (x + (x + 2/3)) + pi)
(1 + (-2/3 * e * x * ((-1/3 * x * x) ^ (-1 + e)))),(((-1/3 * x * x) ^ e) + x)
((1/4 * Ln(e) * (e ^ (1/4 * x))) + (6/5 * Cos(0))),((2 / 4) + (e ^ (x / 4)) + (6/5 * x * Cos(0)))
(11 + (-3 * Sin((3 * x)))),(x + Cos((x + x + x)) + (9 * x) + (1/2 + x))
(1/5 * Ln(3) * (3 ^ x) * ((3 ^ x) ^ -4/5)),(8 + (-1/2 + (-1 * pi)) + ((3 ^ x) ^ 1/5))
(2 + (1 / (32/5 + x))),(2 + Ln((-8/5 + 8 + x)) + (0 + x) + (x + pi))
(1 + (27 * ((-6 * x) ^ -11/2))),(9/4 + Cos((0 * x)) + ((x * -6) ^ -9/2) + x)
(1 + (7 * (1/3 + (2 * x))) + (14 * x) + Cos(x)),((-7 + x) + Sin(x) + (7/3 * (x * 3) * (x + 1/3 + x)))
1,((9 ^ (1/4 ^ 0)) + x + e + 9/5)
(1 + (4 * Ln(6) * (6 ^ (4 * x)))),((6 ^ (x + x + x + x)) + (x / 1))
5/3,((Cos(e) + (x / 3/5)) + 2 + -8/3 + -1)
1,((Sin(-2) / (e ^ -2/3)) + (1/5 + (x + pi + -7/2)))
17/4,(x + (Log_e(2) + Cos(0) + 9 + x) + (x * 5/4) + x)
(5 + (1 / x)),((x * 5) + Ln((x + x + x)))
(1 + (-1 * Sin(x)) + (3/2 * x) + Cos(x)),(Cos(x) + ((3/4 * x * 1 * x) + x + Sin(x)))
0,(Sin(e) + -5/2)
(1 + (2 * pi * x) + Sin(0)),((Cos(-1) + 3/2 + x + e) + (1/5 * 5/4) + (x * Sin(0)) + (pi * x * x))
((Ln(e) * (1 / e) * e * pi) + (1 / x)),(Ln((-5/3 * x)) + Cos(-1/2) + (e * (pi / e) * x * Ln(e)))
(Ln(8/3) * (8/3 ^ x) * Cos((8/3 ^ x))),(Sin((8/3 ^ x)) + -1/3)
0,(((3/4 + pi) * 1/2 * 3) + -7 + 4 + (Ln(2) * 2))
1,(Cos((pi * 9/5)) + pi + -3/4 + (x + 9))
(1 + (Cos(x) * Cos(Sin(x)))),(x + Sin(Sin(x)) + Cos(-5/3))
(47/63 + pi),((x / (9/4 * -7/4)) + (x + (pi * x) + (7/3 / -4)))
(1 + (-4/5 * Cos((-4/5 * x)))),(Sin((1 * x * 4 * -1/5)) + x)
(5 + pi),(x + (Sin(4) + (x + x + x)) + (x * pi) + (pi + x))
5,(x + x + ((e + x + e) + x + 8/5 + x))
(1 / (Ln(8) * x)),(3/2 + -4/5 + (1 + (-1 * x)) + (9/2 + x + Log_8(x)))
(1 / x),(x + (3 + (-1 * x)) + x + (Ln(x) + (-1 * x)))
(1 + (-1 * Sin(x)) + (1/4 * e * ((1/4 * x) ^ (-1 + e)))),(((1/4 * x) ^ e) + (x + e + (e * -5)) + (-1 * -1/2) + Cos(x))
(-2 * x * Sin((x ^ 2))),(Cos((x ^ 2)) + ((x ^ 0) / -2/5))
1,(-1/5 + (x + -8/5 + Sin(e)) + Sin(e))
(-3/4 * ((3 * x) ^ -5/4)),(pi + ((x + x + x) ^ -1/4))
((3/2 * (x ^ 1/2)) + (((-3/4 * x * Cos(x)) + (-3/4 * Sin(x))) * pi)),((x ^ 3/2) + (pi * x * -3/4 * Sin(x)))
(-63/20 * (-9/2 + pi) * e),(((-9/2 + pi) * (-9/5 * 7/4) * e * x) + 1)
1,(x + Sin(-2/5) + -1)
(2 + (-1 * Sin(x))),(Cos(x) + ((e + x) + (-1 * -5/4)) + (4/5 / Cos(1)) + x)
(2 + (14/5 * e * x)),((7/5 * e * (x * x)) + ((0 ^ e) + x + x + Ln(9/2)))
(1 + (-1 * Sin(x)) + (1 / x)),(((-9/5 + x) + Cos(x)) + -3 + Ln(x) + 1/4)
3,((x + x + 0 + x) + Log_9((x * -5 * 0)))
2,((e + (-1 * e)) + pi + 3/2 + (x + x))
2,((x + x) + Ln(2) + -1)
(-12 * x),(7/5 + ((pi * 9/5 * -1) + (x * x * -6)))
(1 + (-21/10 * e) + (Cos(x) * Cos(Sin(x)))),(Sin(Sin(x)) + (-3/2 * e * 7/5 * x) + 2 + (Cos(pi) + x + (9/2 * 0) + -5/4))
(2 * x),(Log_e(Cos(0)) + (x * x))
7,((x + -3/2 + -3/4) + (x * 2) + (x + x + (1 + x + x)))
1,((Ln(7) + (-2 + x)) + (pi * 0) + -3/2)
(3 + ((1 / (e ^ 2)) * e)),((pi + (x / e) + (1/2 + x + -1)) + Cos(1/3) + x + x)
(2 + Cos(x)),(2 + x + Sin(x) + x)
1,((3 ^ (-7/5 * -2 * pi)) + pi + -2 + (x + e))
((2 * Cos((-2/3 + pi + (2 * x)))) + Cos(x)),(-6/5 + Sin(x) + pi + Sin((x + -2/3 + pi + x)))
0,((e * Ln(5)) + (Cos(0) + -8) + -3/5)
(1 + (32/3 * x)),(Sin(-1/4) + (x + -9/5 + 2 + 1) + ((x / 1) * 2 * 8/3 * x))
(2 + ((6 + (2 * x)) * Ln(4/3))),((x + x) + (x * Ln(4/3) * (1/2 + 3/2 + 4 + x)) + -2)
(1 / x),((Sin(pi) + (-1 * 5/4)) + Ln(x))
1,(((5 ^ 1/2) ^ -3) + (Sin(-1/4) + x) + (Sin(0) * -3/5 * pi))
((-2 * Cos(e)) + (1 / (Ln(3/5) * x))),((x * -2 * Cos(e)) + Log_3/5((x * 4)))
(-1 * Cos(9/5) * (1 / (Sin(x) ^ 2)) * Cos(x)),((Ln(2) ^ 2) + (Cos(9/5) / Sin(x)))
(1 + (((-2 * x * Sin(x)) + (2 * Cos(x))) * pi)),(Sin(-9) + x + 9/5 + (Cos(x) * pi * (1 + 1) * x))
(1 + (-1 * Sin(x))),(x + Cos(x))
-2/5,((pi + e + 8/3 + (x * -2/5)) + -8/3)
(1 + (-5 * x * Sin(x)) + (-6/5 * e * (1 / (x ^ 2)) * ((6/5 * (1 / x)) ^ (-1 + e))) + (5 * Cos(x))),(x + (5 * Cos(x) * x) + ((6/5 / x) ^ e) + -8)
(1 + (2 * x) + (Ln(4) * (4 ^ x))),((4 ^ x) + x + (x * x))
(8/5 * ((-1 + pi + x) ^ 3/5)),(-3 + ((x + pi + -1) ^ 8/5) + 3/2)
27/10,(Log_pi(Cos(-3/2)) + (Sin(e) + (6/5 * x)) + (4 * 2) + (3/2 * x))
(27/5 * x * x),(((x * x * x) * 9/5) + -5/4 + Sin(8))
(2 + (Sin(-1) * Cos(x))),(Sin((e ^ -1/3)) + (Sin(-1) * Sin(x)) + (e + (x + -4) + x))
(2 + Cos(x)),(x + x + Sin(x) + (1 + 1/4))
4,(((x + x) + -3/2 + (e * -5/2 * 4/5)) + (4 + x) + x)
(4 + Cos(x)),((x + Sin(x) + e + (x + x)) + (x + 1 + (pi ^ -2) + 1))
(1 + (1 / (x ^ 2))),((x + 3 + e + (-4 / x)) + pi + pi + (3 / x))
4,((x + -3/2 + -3/2 + x) + -5/4 + ((x + -2 + x) + 8/3))
(1 + (-2 * ((1/2 * x) ^ -5)) + (-1 * Sin(x)) + (((x * Cos(x)) + Sin(x)) * e)),((x * e * Sin(x)) + ((x * 1/2) ^ -4) + (0 + x) + Cos(x))
(2 + (-7/3 * (1 / x))),((x + e) + ((-7/4 * pi * -1) + -1 + x) + (-7/3 * Ln(x)) + Sin(1/2))
(2 + (2 * Ln(pi) * (pi ^ (9/5 + (2 * x))))),((pi + x + 1/2) + (pi ^ (x + x + 9/5)) + x + Cos(0))
2,(Cos(1/5) + (5 + x) + x)
(2 + (14/9 * ((-2/3 * x) ^ -10/3))),(((x / -3/2) ^ -7/3) + (2 * x) + (4/5 + (-1 * x)) + x)
3,((x + Sin(-3/5) + 2 + x) + 6 + x)
(1 + (-1 * Sin(x)) + (3 * (x ^ 2))),((x ^ 3) + x + Cos(x))
(-1/3 * pi * ((-1/3 * x) ^ (-1 + pi))),(((x / -3) ^ pi) + Cos(-9/2))
(-8/9 + (1 / x)),((-1/3 * (-8/3 + x)) + (-4/5 + (x / -9/5) + Ln(x)) + 0)
(2 + (13/5 * Cos(x))),((Sin(x) / 5/3) + (Sin(x) + (x + x + 2) + Sin(x) + pi))
(2 + (1 / x)),((Cos(-9/2) + Ln(x) + 7/2 + -7/4) + x + x)
((-2 * x * Sin((x * x))) + (3 * x * (1 / x)) + (3 * Ln(x))),((3 * Ln(x) * x) + Cos((x * x)))
(5/3 + Cos(x)),((pi + -1 + x) + Cos(7/4) + ((5/3 * 1 * x) + (-1 * x)) + Sin(x))
2,(1 + (x + pi + x) + (x / x) + Sin(-2))
(1 + (Ln(9/4) * (9/4 ^ x))),(x + (9/4 ^ x))
((9/5 + pi) * (1 / ((9/5 + pi) ^ 2))),(((3/5 + x) / (pi + 9/5)) + Cos(Ln(2)) + e + 1/2)
4,(((x + 7/2 + -9 + x) + (-5/4 + 7/2)) + x + x)
0,(Ln((7 * 5/2)) + (8 ^ 4/3))
(Ln(3/4) * (3/4 ^ x)),((-6/5 + (8 ^ 8/5) + 8/5 + (3/4 ^ x)) + (9/2 ^ (1 / e)))
(3 + (4 * x * x * x)),(((pi + x + x) + (x * x * x * x) + e) + x)
(-5/4 * e * ((e * x) ^ -9/4)),(((x * e) ^ -5/4) + (pi * 4/5))
0,(((-8/5 + -6) + (pi ^ 5/2) + 7) + (6 * (-3 / 5)))
0,(Sin(-7/2) + 6/5)
0,((-1 * -1/4) + ((-3/5 ^ 0) * (-8/3 * 4) * 7))
(2 + (2 * Cos(e) * x)),(Ln(7/2) + x + (Cos(e) * (x * x)) + (e + x))
0,(Cos((4/5 ^ -5/3)) + Sin((-7/4 ^ pi)) + 0 + Cos(-7/5))
7/2,((x * 5/2) + x)
4,(e + (e + x + x + x) + (5 + x))
(1 + (-1 * pi * x * (1 / x) * (1 / ((x ^ pi) ^ 2)) * (x ^ (-1 + pi)))),((pi + pi + x) + ((x / x) / (x ^ pi)))
0,(pi + -2)
43/5,(((x + x + x) + (-1 * x)) + 1/2 + (x * (3/5 + 5)) + x)
1,(-9/2 + x)
(4/5 * x * (1 / x)),(Cos(9/5) + ((x / x) * (x * 4/5)))
(1 + (2 * Cos((2 * x)))),(Sin((x + x)) + x)
(1 + (-5 * x * x) + (-1 * Sin(x))),((x * -5/3 * x * x) + (x + (-1 * 2)) + Cos(x) + 9/5)
(1 + (1 / x)),(Ln(x) + x)
(2 + Sin(-2)),((x * Sin(-2)) + (x + -4 + x) + -2)
(1 + e + (27/5 * x * x)),((e * x) + (x * x * (x * 9/5)) + (x + -2) + 0)
(17/2 + (-1 * pi * (1 / (x ^ 2)))),((pi / x) + (x * 3/2) + (x + 7/3 + 1) + (6 * x))
Cos(x),(Ln(3) + (Sin(x) + pi) + Cos((9/5 / 1)))
(-15/4 + (e * pi) + (((-1 * x * Sin(x)) + (2 * Cos(x))) * x)),(((x * x) * Cos(x)) + (5 * -3/4 * x) + -2/3 + (pi * x * e))
((-1 * Sin(x)) + (-1/2 * Sin(-2) * x)),(1 + Cos(x) + (x * x * -1/4 * Sin(-2)))
((-8 * e) + Cos(x)),(Ln(3) + (e * -8 * x) + Sin((-7/2 + -7/2)) + Sin(x))
1,(Cos(-7/2) + Cos(-2) + (5 + -9/4 + x + -7/4) + Cos(3))
(-2 * Sin(e) * e),(Ln(2/5) + (pi + (-1 * x)) + ((x / 1) * -2 * Sin(e) * e) + x)
2,(((9/4 + -1) + (-1 * x)) + x + (x + x))
(2 + (-10 * x) + (3 * x * x) + (1 / (Ln(8/3) * x))),((x + (x * x * x) + (-5 * x * x) + x) + Log_8/3(x))
19/5,(Cos(-9/4) + ((x + x + 4 + x) + (e + e) + (x / 5/4)))
(3 + (-3 * (1 / (x ^ 2))) + (1 / (Ln(1/2) * x))),(x + ((3 / x) + 0 + -1 + Log_1/2(x)) + (x + x))
1,(-7/4 + (x + -7/2) + (-9 * 9 * (6/5 + 7/5 + -1/5)) + Cos(pi))
(1 + (-5/8 * Ln(7/4) * pi * (7/4 ^ (-5/8 * pi * x)))),(2/3 + x + (-1/5 + pi) + (7/4 ^ (5/4 * x * -1/2 * pi)))
6/5,((-2 + -8/3 + -6/5 + -2/5) + (x + e + x + x) + -6 + (x * -9/5))
(1 + (1 / x)),((x + (x / x) + e + -6/5) + Ln((-3 * x * -5/2)))
((-9 * Sin(0) * pi * Sin(x)) + (3 * x * x)),(4/5 + (Cos(x) * Sin(0) * pi * 9) + (-1/5 / 1/4) + (x * x * x))
(2/5 + (-1 * pi * (Cos(x) ^ (-1 + pi)) * Sin(x)) + (Cos(-5/4) * (1 / (Cos(-5/4) ^ 2)) * (1 / x))),((x * -1 * 3/5) + (Ln(x) / Cos(-5/4)) + x + (Cos(x) ^ pi))
(1 + (-5/4 * Cos(x)) + (pi * (1 / (x ^ 2)) * (1 / ((pi * (1 / x)) ^ 2)))),(x + (Sin(x) * -5/4) + -2 + (1 / (pi / x)))
3,(1/2 + (x + (-2 / 2)) + 3 + (x + -3 + x))
(2 + (-3/2 * ((3 * x) ^ -3/2))),((x + (-1 * -1/5)) + ((x + x + x) ^ -1/2) + x)
12/5,((-3/2 * 0 * x * 1/2) + -1/3 + (x * 7/5) + (-8/5 + -9 + x))
((-4/5 * (-4 + pi + x) * Cos(x)) + (-4/5 * Sin(x))),(3/5 + (Sin(x) * -4/5 * (pi + x + -4)))
(3 + (4 * (1 / (x ^ 2)))),((-4 / x) + (5/4 + -7/3 + (e + x + x) + x))
(-2 + ((1 / (pi ^ 2)) * pi)),(x + (x / pi) + (-3 * x))
(1 + (-1 * Sin(x))),((Cos(-9/2) + Cos(x) + x) + (8 + (-1 * 2)) + 2/5 + (pi + e + pi))
((-3/2 * Ln(7/3) * (7/3 ^ (x ^ -3/2)) * (x ^ -5/2)) + (1 / (-2 + x))),(Ln((-2 + x)) + (7/3 ^ (x ^ -3/2)))
(2 + (-1 * Sin(x))),(Cos(x) + (x + (-4 / -8) + 7/3 + (-4 + x)))
0,(1 + Cos((-3/5 / 6/5)))
(2 + (2 * Cos((7/4 + (2 * x))))),(x + Sin((7/4 + x + x)) + x)
(-1 + (x * Cos(x)) + Sin(x) + Cos(x)),((Sin(x) * x) + Sin(x) + (4 + (-1 * x)))
4,(x + (x + x + x))
(1 + (((-9 * x * Cos(x)) + (-9 * Sin(x))) * Ln(2))),((Sin(x) * -9 * Ln(2) * x) + (pi + x + -2) + -5/4)
(-1 + (-1 * Sin(x))),((5/2 + (-1 * x)) + -7/3 + Cos(x))
(3 + (1 / x)),(6 + (x + x) + (Ln(x) + (-1 * 7/4)) + (x + 5))
(2 + Cos(x)),((e ^ Ln(pi)) + (Sin(x) + 3) + (x + x))
12,(-7/4 + ((x + 2 + x) * (7/2 + 1 + 1)) + x)
((9/2 * Ln(2) * (1 / (Ln(2) ^ 2))) + ((e + (3 * x) + (3 * (3 + x))) * Cos(pi))),(((9/2 * x) / Ln(2)) + ((e + x + x + x) * Cos(pi) * (3 + 0 + x)))
(6 + (-1 * Sin((5/2 + x)))),(((x + x + 1/5 + 0) * 3 * 2/3) + Cos((x + 5/2)) + (x + x))
2,(2 + (pi + (4/5 + x) + (-3 + 2) + e) + x)
(-1 * Sin(x)),(Cos(x) + e)
(2 + (3 * (1 / (x ^ 2)))),(-1/2 + x + (3/2 + x + 8/5) + (-3 / x))
((((-8/5 * (4 + (2 * x))) + (8/5 * x)) * x * (1 / ((4/5 * x * x) ^ 2))) + Cos(x)),(Sin(x) + 4 + ((4 + x + x) / (x * 4/5 * x)))
(1 + (-2 * (1 / (e ^ 2)) * e)),((1 + -8 + pi) + 9/5 + (-2 * (x / e)) + x)
1,(x + pi + (5/2 + e))
(2 + (Ln(6/5) * e * (6/5 ^ (x ^ e)) * (x ^ (-1 + e)))),((x + x) + (6/5 ^ (x ^ e)) + 4/5)
(1 + (-1 * Sin(x)) + (-1 * Sin(x) * Cos(Cos(x)))),((-2 + -6/5 + -3/4) + (1 ^ pi) + (-2/5 + x + Cos(x)) + Sin(Cos(x)))
((-7/4 + (2 * pi)) * e),(Sin(-8/3) + (e * (7/4 + -7/2 + pi + pi) * x) + Ln(4))
(-9 + (-1 * Sin(x))),(Ln(2) + (e + 1/4 + (-3 * 1 * 3 * x)) + Cos(x))
(1 + (4/5 * ((2 + x) ^ -1/5))),(x + ((x + 2) ^ 4/5))
2,(((8/3 * 6/5) + x + e + Sin(7/3)) + ((-1 * 3/4) + (e * e * -2/5 * -7/3) + x))
(2 + (2 * Cos((pi + (2 * x))))),(Sin((x + pi + x)) + (x + x))
(1 + (pi * ((7/2 + x) ^ (-1 + pi)))),((Cos(4/3) + x) + ((x + 7/2) ^ pi) + (2 * e * 0 * x))
(2 + (14/5 * x) + Cos((pi + x))),((1 + x + x) + (x * x * 7/5) + Sin((0 + pi + x)))
0,((2 + 5 + Ln(3)) + (1/2 + (3 / 3) + -7/5))
(5/2 + (8 * Sin(x)) + (9 * x * Cos(x))),(Cos(x) + (3 * Sin(x) * 2 * (3/2 * x)) + (5/2 * x) + 8/3)
(2 * x * (1 / (Ln(2/5) * x * x))),((7/3 + 3 + -3) + -5 + 1 + Log_2/5((x * -3/2 * x * -1/2)))
(3 + (x * (1 / x) * (1 / ((x * (1 / x)) ^ 2)) * Cos(x))),(-1 + (Sin(x) / (x / x)) + (-8/3 + x + x) + x)
(3 + (-5/3 * pi)),(((pi * -5/3 * x) + x + (-5/3 + x)) + x)
((-1 * x * Sin(x)) + Cos(x)),((x * Cos(x)) + Cos(-4) + 2/3 + (e + pi + e))
(1 + (((-1 * x * Sin(x)) + (2 * Cos(x))) * Sin(-2) * pi * x)),((Cos(x) * (x * x) * pi * Sin(-2)) + x + Ln(Sin(pi)) + -5)
(Ln(3/2) * (3/2 ^ x)),((3/2 ^ x) + (Ln(pi) ^ 5/2))
0,((pi + 0) + Sin((-2/5 ^ e)))
((-8/15 * x * Cos(x)) + (-8/15 * Sin(x)) + Cos(x)),(e + 0 + (2/3 + Sin(x) + Cos(0) + Ln(2)) + (4/5 * Sin(x) * -2/3 * x))
(-4 + (3 * pi * x * x)),(((x * pi * x * x) + e) + ((2/5 * 2) + (x * -4)))
(9/5 + Cos(x)),(Sin(x) + (-3/2 * -6/5 * x) + (pi + -9/4))
(1 / x),(Ln((3/2 * x * 4/3 * 5/4)) + 3/2)
(5/3 + Sin(-2)),(((3 + x + 1) * Sin(-2)) + (x + x + (-1/3 * x) + 8/5))
3,(Log_3((e ^ pi)) + (x + x) + (x + pi) + e)
2,(x + (Sin(-7/2) + x + Ln(pi)))
(-5 + (-2/5 * ((2 * x) ^ -6/5))),(pi + ((x + x) ^ -1/5) + (Cos(1) / pi) + (x * -5))
(1 + ((1 / (Ln(2/3) * Sin(x))) * Cos(x))),((-6/5 + -7/5 + 4) + (x + -1) + 7/5 + Log_2/3(Sin(x)))
(-2 + (-1 * Sin(e) * (1 / (x ^ 2)))),((Sin(e) / x) + ((-2 * x) + 4 + 0) + Cos(Ln(e)) + (7 ^ e))
3,((x + Sin(-9/4) + x + Sin(2/3)) + (Ln(pi) + x) + pi + pi)
((-7/8 * (1 / (x ^ 2))) + (8/3 * Sin((-8/3 * x)))),((-7/2 * 1/2 * 3/4 * (-2/3 / x)) + Cos((-8/3 * x)))
(-1 + (-5/4 * (x ^ -9/4))),(Ln(3) + ((x ^ -5/4) + (-1 * x)) + 8 + -3)
(1 + (-28 * Cos(3) * (1 / x)) + (-5/3 * (1 / (x ^ 2)))),(-1/4 + (5/3 / x) + (Ln(x) * Cos(3) * (7 / -1/4)) + x)
6/5,((x * -2 * -3/5) + -2/3)
(1 + (3 * x * x)),((x * x * x) + Cos((e * e)) + (x + 5))
(1 + pi + (-8 * e * (1 / (Cos(x) ^ 2)) * Sin(x)) + (2 * x)),((x * (x + pi)) + e + ((e * -8) / Cos(x)) + x)
(4 + (14/3 * e * x)),((e * 7/3 * x * x) + 7/3 + x + (x + x + x))
((-1 * Sin(x)) + (8 * pi * x)),(((x + x) * pi * (x + x)) + Cos(x))
-41/20,((x * -4/5) + x + (e + (-1 * -3/5)) + (x * 5/4 * -9/5))
((8 * (1 / (x ^ 2))) + (1 / x) + Cos(x)),((-8 / x) + Ln(x) + Sin(x) + ((x / x) * e))
1,(1 + 0 + 9/4 + (x + (-3 * 0 * e)))
(4 + (-12/5 * x)),((x * 2/5 * -3 * x) + (x + x) + (x + -7/3 + -6/5 + x) + Ln(2))
1,(x + Sin(-4/3))
4,(x + (x + pi) + x + x)
(-2 * x * Sin((x * x))),(Cos((x * x)) + (x + (-1 * x)))
(2 + (-3/2 * (1 / (x ^ 2)) * ((3 * (1 / x)) ^ -1/2))),(x + x + ((3 / x) ^ 1/2))
(1 + (12 * x)),(Log_3/4(Ln(9/4)) + x + (x * x * 6))
(1 + (e * (x ^ (-1 + e))) + (1 / x)),(Ln(x) + (x + (-1 * 9/2)) + (x ^ e))
2,(x + x + pi)
(3 + (Ln(7/3) * (7/3 ^ x))),((x + -3 + pi + x) + (7/3 ^ x) + x)
