((9/5 * (x ^ 2)) + Cos(x)),(-9 + (3/5 * (x ^ 3)) + Sin(x))
(Ln(1/2) * (1/2 ^ (-1/4 + x))),((1/2 ^ (-1/4 + x)) + Sin(-7))
(1 + (2 * (1 / ((-1/3 + (2 * x)) * Ln(4/5))))),(-58/15 + x + Log_4/5((-1/3 + (2 * x))))
(1 + (-1 * pi * (1 / ((pi * (x ^ 3)) ^ 4/3)) * (x ^ 2))),(x + ((pi * (x ^ 3)) ^ -1/3))
(2 + (-1 * Sin(x)) + Cos(x)),((2 * x) + Sin(x) + Cos(e) + Cos(x))
(2 + (3 * Cos(2/3) * (x ^ 2))),(8/343 + (2 * x) + (Cos(2/3) * (x ^ 3)))
((-4 + (2 * e)) * x),(e + (-2 * (x ^ 2)) + (e * (x ^ 2)))
((-1 * Sin((-9/4 + x))) + (1 / x)),(-24/5 + pi + Cos((-9/4 + x)) + Ln(x))
(1 + (-1 * Sin(x)) + (3 * (x ^ 2))),(31/5 + x + (x ^ 3) + Cos(x))
(2 * x * Cos((x ^ 2))),(e + Sin((x ^ 2)))
(2 + (-1 * Sin(x))),(-2 + e + (2 * x) + Cos(x))
((-5/2 * (1 / (x ^ 7/2))) + (-2 * Ln(x)) + ((8/5 + (-2 * x)) * (1 / x))),(((8/5 + (-2 * x)) * Ln(x)) + (1/4 ^ e) + (x ^ -5/2))
(1 + (6/5 * Cos(x))),(x + (6/5 * Sin(x)))
(2/5 + (64 * pi * x)),(29/6 + (2/5 * x) + (32 * pi * (x ^ 2)))
(5 + (-1 * Sin((e + x)))),(11/4 + (5 * x) + Cos((e + x)))
(1 + (21/4 * (x ^ 2))),(e + pi + x + (7/4 * (x ^ 3)))
((63/10 * (x ^ 2)) + (e * (x ^ (-1 + e)))),(5 + (21/10 * (x ^ 3)) + (x ^ e))
(-1 * Sin(x) * Cos(Cos(x))),Sin(Cos(x))
(1 + pi + (-1 * Sin(x))),(7/4 + e + x + (pi * x) + Cos(x) + Ln(Ln(7)))
((-1 * Log_6(2) * (1 / (x ^ 2))) + (1 / pi)),(15/4 + ((1 / pi) * x) + (Log_6(2) * (1 / x)) + Ln(2))
(2 + (2 * (1 / x))),(-2/3 + (2 * x) + (2 * Ln(x)))
(1 + (-7/3 * (1 / (x ^ 10/3)))),(9/5 + x + (x ^ -7/3) + Ln(pi))
(1 + (Cos(2) * (1 / x))),(-3/2 + x + (Cos(2) * Ln(x)))
(-5/4 + (-1/3 * (1 / (1 / x)) * Sin(x)) + (1/3 * (1 / ((x ^ 2) * ((1 / x) ^ 2))) * Cos(x))),(-33/4 + (-5/4 * x) + (1/3 * (1 / (1 / x)) * Cos(x)))
(2 + (-1 * Sin(x))),(27/4 + (2 * x) + Cos(x))
(3 * (1 / (x ^ 2))),(-9/4 + e + (-3 * (1 / x)))
(1 + (7/20 * pi * Cos(x))),(x + (7/20 * pi * Sin(x)))
(1/2 * (e ^ 2) * Sin((-1/2 * (e ^ 2) * x))),(-3/2 + Cos((-1/2 * (e ^ 2) * x)))
(2 + (-1 * Sin(x))),(e + pi + (2 * x) + Cos(x) + Ln(2))
(1 + (-1 * Sin(x))),(3/5 + x + Cos(x))
(3 + (8/3 * e * x) + (1 / x)),((3 * x) + (4/3 * e * (x ^ 2)) + Ln(x))
(-3/2 + (-5/2 * Ln(x)) + Cos(x)),(-6/5 + x + (-5/2 * x * Ln(x)) + Sin(x))
(Ln(pi) * (pi ^ x)),(4/5 + e + (pi ^ x))
(2 + (1 / x) + Cos(x)),(9/5 + (2 * x) + Sin(x) + Ln(1/2) + Ln(x))
((-3 * (1 / ((x ^ 3) ^ 2)) * (x ^ 2) * Cos(x)) + (-1 * (1 / (x ^ 3)) * Sin(x)) + ((1 / Sin(x)) * Cos(x))),(7/4 + ((1 / (x ^ 3)) * Cos(x)) + Ln(Sin(x)))
(2 + (-1 * e * (x ^ (-1 + e)) * Sin((x ^ e)))),(59/15 + (2 * x) + Cos((x ^ e)))
(1 + (2/3 * (1 / ((e + x) ^ 1/3)))),(x + ((e + x) ^ 2/3))
(-3 * (1 / (x ^ 4))),(3/5 + (x ^ -3))
(3 + (-9/2 * (1 / (x ^ 11/2)))),(e + (3 * x) + (x ^ -9/2) + Cos(3/5))
(7/3 + (-2 * x * Sin((x ^ 2)))),(3/2 + (7/3 * x) + Cos((x ^ 2)))
(1 + (1 / (Ln(pi) * x))),(-1 + x + (2 * e) + (3/8 * pi) + Log_pi(x))
(1 + (8/5 * Log_4(2))),(7/2 + x + (8/5 * Log_4(2) * x) + Sin(-1))
(pi + (2 * Ln(pi) * x * (pi ^ (x ^ 2)))),(-11/12 + (pi * x) + (pi ^ (x ^ 2)))
(((-1 + (-1 * pi)) * x * Sin(x)) + ((1 + pi) * Cos(x)) + Cos(x)),(((1 + pi) * x * Cos(x)) + Sin(x))
(-4/5 * Ln(1/2) * (1/2 ^ (-4/5 * x))),((-5/2 * Sin(5)) + (1/2 ^ (-4/5 * x)))
(3 + (5/2 * (1 / (x ^ 2)))),(-5/3 + (-5/2 * (1 / x)) + (3 * x) + Sin(-6/5))
(((-3/2 * pi) + (-1 * (1 / e))) * Sin(x)),(-8/3 + (3/2 * pi * Cos(x)) + ((1 / e) * Cos(x)))
(1 + (3 * Ln(8/5) * (8/5 ^ (3 * x))) + (1 / x)),(x + (8/5 ^ (3 * x)) + Ln(x))
(5/6 * (1 / (x ^ 2))),(2 + (-5/6 * (1 / x)))
(1 + (-3 * (x ^ 2)) + (1 / x)),(2 + x + (-1 * (x ^ 3)) + Ln(x))
(Ln(1/3) * (1/3 ^ x)),((1/3 ^ x) + Sin(5/4))
(1 + (-15/4 * Sin(x))),(x + (15/4 * Cos(x)))
((-1 * (1 / x) * Sin(Ln(x))) + (4/15 * Sin(-7))),((4/15 * Sin(-7) * x) + Cos(Ln(x)))
(-49/20 + (4/3 * (3 + e) * (1 / ((x ^ 3) ^ 2)) * (x ^ 2))),((-49/20 * x) + (-4/9 * (3 + e) * (1 / (x ^ 3))))
(1 + (pi * (1 / (x ^ 2)) * Sin((pi * (1 / x))))),(-8/3 + x + Cos((pi * (1 / x))))
(1 + (8 * Sin((-8 * x))) + Cos(x)),(x + Sin(x) + Cos((-8 * x)))
(4 + (4 * (1 / (x ^ 2)))),(1 + e + (-4 * (1 / x)) + (4 * x))
(2 + (-1 * Sin(x)) + Cos(x)),((2 * x) + Sin(x) + Cos(x))
(2/3 + (-1 * Sin(x) * Cos(Cos(x)))),(5/2 + pi + (2/3 * x) + Sin(Cos(x)))
(1 + (-4/3 * Sin((4/3 * x))) + (2 * e * x)),(-2/3 + x + (e * (x ^ 2)) + Cos((4/3 * x)))
(3 + (-1 * Cos(-2/5) * (1 / (x ^ 2)))),(2 + (3 * x) + (Cos(-2/5) * (1 / x)))
((pi * ((5 + x) ^ (-1 + pi))) + (1 / x)),(-3 + ((5 + x) ^ pi) + Ln(x))
(2 + (2 * x * Cos((x ^ 2)))),(7 + e + (2 * x) + Sin(e) + Sin((x ^ 2)))
(3 + (5/4 * (x ^ 1/4))),((3 * x) + (125 ^ 1/5) + (x ^ 5/4))
((-14 * pi) + ((1 / Sin(x)) * Cos(x))),(1 + (-14 * pi * x) + Ln(Sin(x)) + Log_4(1/2))
(1 + (2 * x) + ((1 / Sin(x)) * Cos(x))),(-5/2 + x + (x ^ 2) + Ln(9/5) + Ln(Sin(x)))
(1 + (-2 * e * x)),(17/4 + x + (-1 * e * (x ^ 2)))
(1 + pi + (-1 * Sin(x)) + (4 * (x ^ 3)) + Cos(x)),(61/10 + x + (pi * x) + (x ^ 4) + Sin(x) + Cos(x))
(1 + (-1 * Sin(x))),(-16/15 + e + pi + x + Cos(x))
((-1 * Sin((2/5 + x))) + (1 / ((6 + x) * Ln(1/4)))),(1 + Cos((2/5 + x)) + Log_1/4((6 + x)))
(2 + (3 * (x ^ 2))),(5/2 + (2 * x) + (x ^ 3) + (Ln(2) ^ -8) + Ln(pi))
(1 + (-1 * Cos(-6/5) * (1 / ((4 + pi + x) ^ 2)))),(x + (Cos(-6/5) * (1 / (4 + pi + x))))
(5 + (1/5 * (1 / (x ^ 4/5)))),(-5/3 + pi + (5 * x) + (x ^ 1/5))
((7/2 * Sin(x)) + ((63/8 + (7/2 * x)) * Cos(x)) + (1 / x)),(((63/8 + (7/2 * x)) * Sin(x)) + Ln(x))
(2 + ((1 / x) * Cos(Ln(x)))),((2 * x) + Sin(Ln(x)))
(1 + (-1 * x * (1 / (Sin(x) ^ 2)) * Cos(x)) + (1 / Sin(x))),(-1 + x + (x * (1 / Sin(x))) + Cos(-1/4))
(-28/5 * x * Sin((14/5 * (x ^ 2)))),(pi + Cos((14/5 * (x ^ 2))))
(5/2 + (18 * Sin(-7/3) * x) + (1 / x) + Cos(x)),((5/2 * x) + (9 * Sin(-7/3) * (x ^ 2)) + Sin(x) + Ln(x))
(4 + (-1 * Cos(9/5) * Sin(x))),(-9/5 + (4 * x) + (Cos(9/5) * Cos(x)))
(7/2 + (-1 * Sin(x)) + (e ^ x)),((7/2 * x) + (e ^ x) + Cos(x))
((-1 * x * (1 / (Sin(x) ^ 2)) * Cos(x)) + (2 * (1 / (Sin(x) ^ 2)) * Cos(x)) + (1 / Sin(x)) + Cos(x)),(-1 + (-2 * (1 / Sin(x))) + (x * (1 / Sin(x))) + Sin(x))
(2 + (1 / (Ln(7) * x))),((2 * x) + Sin(-1) + Ln(9/4) + Log_7(x))
(2 + Cos((62/15 + x))),(-3 + (2 * x) + Sin((62/15 + x)))
((-6 * (1 / (x * (Ln(x) ^ 2)))) + (1 / x)),((6 * (1 / Ln(x))) + Ln(x))
(1 + (-1 * x * (1 / ((1 + x) ^ 2))) + (1 / (1 + x))),(-5/3 + x + (x * (1 / (1 + x))))
(3 + (-1 * Sin(x))),(43/12 + pi + (3 * x) + Cos(x))
((-1 * Sin(x)) + (2 * x)),(-21/5 + (x ^ 2) + Cos(x))
(1 + (-2 * pi * x)),(-1/4 + x + (-1 * pi * (x ^ 2)))
(14/5 * Cos((14/5 * x))),((e ^ -3/4) + Sin((14/5 * x)))
(1 + (-1 * e * (1 / (x ^ 2)))),(pi + x + (2 * e) + (e * (1 / x)) + Cos(-9))
(2 + (-2/5 * x * Sin(x)) + (2/5 * Cos(x)) + (e * pi)),((2 + (2/5 * Cos(x)) + (e * pi)) * x)
(1 + (-15/4 * (x ^ 2) * Sin((5/4 * (x ^ 3))))),(-5/3 + x + Cos((5/4 * (x ^ 3))))
(1 + (-18 * e) + (-1 * Sin(x))),(x + (-18 * e * x) + Sin(9/5) + Cos(x))
(1 + (-1 * (1 / x) * Sin(x)) + (-1 * (1 / (x ^ 2)) * Cos(x))),(4 + x + ((1 / x) * Cos(x)))
(1 + (4 * (x ^ 3))),(-3/2 + x + (x ^ 4))
(1 + (44/5 * (x ^ 2))),(x + (44/15 * (x ^ 3)))
(1 + (2 * e * x * Cos((e * (x ^ 2))))),(2 + x + (pi ^ -3/2) + Sin((e * (x ^ 2))) + Ln(2))
(1 + (6 * (x ^ 5))),(x + (4 ^ 5/3) + (x ^ 6))
(1 + (Ln(pi) * (pi ^ Sin(x)) * Cos(x)) + Cos(x)),(x + (pi ^ Sin(x)) + Sin(x))
((-5/2 * Cos(x)) + (pi * (1 / (Cos(x) ^ 2)) * Sin(x))),((-5/2 * Sin(x)) + (pi * (1 / Cos(x))))
(1 + (-7 * Sin(1/2) * Cos(x))),(x + (-7 * Sin(1/2) * Sin(x)))
((2 * x * Sin(x)) + ((x ^ 2) * Cos(x))),(3/28 + ((x ^ 2) * Sin(x)) + Cos(-7))
(1 + (1 / (Ln(1/2) * Ln(pi) * x * Log_pi(x)))),(x + Log_1/2(Log_pi(x)))
((2 * x) + Cos(x)),((x ^ 2) + ((3 * e) ^ -3) + Sin(x))
(2 + (Cos(x) * Cos(Sin(x)))),(1/2 + (2 * x) + Sin(Sin(x)))
(3 + (1 / pi) + Cos(x)),(-5/4 + e + pi + (3 * x) + ((1 / pi) * x) + Sin(x))
((pi * Cos((pi * x))) + Cos(x)),(4/3 + Sin(x) + Sin((pi * x)))
(2 + (pi * (x ^ (-1 + pi)))),(1 + (2 * x) + (x ^ pi))
(3 * Cos((e + (3 * x)))),(-2 + Sin((e + (3 * x))))
(1 + (144/5 * Sin(-1/4) * x)),(-1/5 + x + (72/5 * Sin(-1/4) * (x ^ 2)))
(1 + (3/2 * Ln(4/3) * (4/3 ^ (3/2 * x)))),(x + (4/3 ^ (3/2 * x)) + Ln(5/3))
((-1 * (pi ^ 6) * (1 / (x ^ 2))) + (-1 * Sin(x))),(((pi ^ 6) * (1 / x)) + Cos(x))
(1 / ((1 + x) * Ln(7/2))),(1 + Log_7/2((1 + x)))
(1 + (4 * x * Cos((2 * (x ^ 2))))),(7/2 + x + Sin((2 * (x ^ 2))))
(1 + (-1 * (1 / Cos(x)) * Sin(x))),(x + (0 ^ pi) + Ln(Cos(x)))
((1 / x) + Cos(x)),(-7/4 + Sin(x) + Ln(x))
((-1 * Sin(x)) + (1 / x)),(-9/2 + Cos(x) + Ln(x))
((-3 * x) + (3 * (x ^ 2))),(-21/10 + (-3/2 * (x ^ 2)) + (7/3 * e) + (x ^ 3) + Ln(2))
(2 + (Ln(3/2) * (3/2 ^ Sin(x)) * Cos(x))),(-1 + pi + (2 * x) + (3/2 ^ Sin(x)))
(1 + (-1 * Sin(Sin(x)) * Cos(x)) + (5 * pi * x)),(-3/4 + x + (5/2 * pi * (x ^ 2)) + Cos(Sin(x)))
(2 + (-1 * Ln(7/3) * (7/3 ^ Cos(x)) * Sin(x))),(pi + (2 * x) + (7/3 ^ Cos(x)) + Cos(-4/3))
(1 + (1 / (Ln(pi) * x * Ln(x)))),(-7/4 + x + Log_pi(Ln(x)))
(3 + (8/3 * x * (1 / ((x ^ 2) ^ 2)))),(-9/10 + (-4/3 * (1 / (x ^ 2))) + (3 * x))
(2 + (-1 * Sin(x)) + (1 / e)),(-4/5 + (2 * x) + ((1 / e) * x) + Cos(x))
(2 + (e * Cos((e * x)))),(2 + (2 * x) + Sin((e * x)))
((-10 * x) + Cos(x)),(pi + (-5 * (x ^ 2)) + Sin(x))
(1 + (-1 * (1 / (x ^ 2))) + (-1 * Sin(x))),(x + (1 / x) + Cos(x))
(4 + (-1 * Sin(x))),(5/3 + (4 * x) + (pi ^ 7/5) + Cos(x))
(3 + (-1 * (1 / (Ln(x) ^ 2))) + (1 / x) + (1 / Ln(x))),(2 + (3 * x) + (x * (1 / Ln(x))) + Ln(x))
(1 + (8/3 * (1 / (Cos(x) ^ 11/3)) * Sin(x))),(-5 + pi + x + (Cos(x) ^ -8/3))
(2 + (-2 * Sin(x)) + (1 / x)),(-9/5 + (2 * x) + (2 * Cos(x)) + Ln(x))
(1 + (7 * (x ^ 6))),(x + (x ^ 7))
((-3 + (-3 * Ln(9/5) * x)) * Cos(5/3) * (9/5 ^ x)),((-3 * Cos(5/3) * x * (9/5 ^ x)) + Sin(-7/3))
(3 + (-4 * pi) + (-3 * (1 / (x ^ 4)))),(-9/5 + e + (-4 * pi * x) + (3 * x) + (x ^ -3))
(2 + (-1 * e * (Cos(x) ^ (-1 + e)) * Sin(x))),(-12/5 + (2 * x) + (Cos(x) ^ e))
(((-2/5 * x * Cos(x)) + (-2/5 * Sin(x))) * Sin(2)),(4 + (-2/5 * Sin(2) * x * Sin(x)))
(2 + (2 * (1 / (Cos(x) ^ 3)) * Sin(x))),((2 * x) + (5 * e) + (Cos(x) ^ -2))
(1 + (-1 * Sin(x)) + Cos(x)),(-49/20 + e + x + Sin(4) + Sin(x) + Cos(x))
(2 + (-2 * (1 / (x ^ 2)))),((2 * x) + (2 * (1 / x)) + Sin(e))
(1 + (-2 * (1 / (x ^ 3))) + (-1 * (1 / (x ^ 2)))),(-5/2 + pi + x + (x ^ -2) + (x ^ -1))
((2 * pi * (1 / ((x ^ 2) * ((pi * (1 / x)) ^ 3)))) + (Ln(3/4) * (3/4 ^ x))),((3/4 ^ x) + ((pi * (1 / x)) ^ -2))
((-2 * e * (1 / ((-5/4 + (2 * x)) ^ 2))) + (2 * x) + Cos(x)),((e * (1 / (-5/4 + (2 * x)))) + (x ^ 2) + Sin(x))
(1 + (-1 * Sin(Sin(x)) * Cos(x)) + (8/5 ^ 3/4)),(x + ((8/5 ^ 3/4) * x) + Cos(Sin(x)))
(1 + (1/3 * Sin((-1/3 * x)))),(3/2 + e + x + Cos((-1/3 * x)))
(1 + (-1 * (1 / (x ^ 2)) * Sin(x)) + ((1 / x) * Cos(x)) + (1 / x)),(7/5 + x + ((1 / x) * Sin(x)) + Cos(-8/5) + Ln(x))
(2 + (-1 * Sin(x)) + Cos(x)),(-3/2 + (2 * x) + Sin(x) + Cos(x))
(-1/3 + (3/5 * (1 / (x ^ 2/5)))),(-8 + (-1/3 * x) + (x ^ 3/5))
(1/5 + (Sin(-3) * e) + Cos(x)),(-7/2 + (1/5 * x) + (Sin(-3) * e * x) + Sin(x))
(2 + (4 * (1 / (x ^ 2)))),(-7/5 + (-4 * (1 / x)) + (2 * x))
(1 + (-1 * x * (1 / (Sin(x) ^ 2)) * Cos(x)) + (18 * (x ^ 3)) + (1 / Sin(x))),(-1/2 + x + (9/2 * (x ^ 4)) + (x * (1 / Sin(x))))
(1 + (-3 * x * (x ^ pi)) + (-3/2 * pi * (x ^ 2) * (x ^ (-1 + pi)))),(x + (-3/2 * (x ^ 2) * (x ^ pi)))
(pi + (1 / (Ln(pi) * x))),(1 + (pi * x) + Log_pi(x))
((5/3 * Ln(2) * e * pi) + (8 * x)),((4 * (x ^ 2)) + (5/3 * Ln(2) * e * pi * x))
(1 + ((-20 + (16 * x)) * Log_5/2(x)) + (((-20 * x) + (8 * (x ^ 2))) * (1 / (Ln(5/2) * x)))),(-4 + x + (((-20 * x) + (8 * (x ^ 2))) * Log_5/2(x)))
(1 + (3 * (x ^ 2) * Sin(x)) + ((x ^ 3) * Cos(x))),(x + ((x ^ 3) * Sin(x)))
(1 + (-1 * Sin(Sin(x)) * Cos(x)) + (5/2 * (x ^ 2))),(-3/2 + pi + x + (5/6 * (x ^ 3)) + Cos(Sin(x)))
((-2 * (1 / (x ^ 3))) + (-1 * Sin(x))),(4/5 + e + (x ^ -2) + Cos(x))
(1 + (3/2 * (x ^ 1/2))),(x + (x ^ 3/2) + (Log_9(2) ^ -3))
(1 + (1/2 * (1 / (x ^ 2))) + (1 / x)),(-8/3 + x + (-1/2 * (1 / x)) + Ln(2) + Ln(x))
(1 + (-1 * Sin(x)) + (8/5 * Sin(-7/3))),(2/5 + x + ((-32/5 + (8/5 * x)) * Sin(-7/3)) + Cos(x))
(16/3 + (5/2 * Cos(x))),(12 + (5/2 * Sin(x)) + (16/3 * x))
((-3 * Sin((3 * x))) + (1 / x)),(-11/15 + Cos((3 * x)) + Ln(x))
(2 + (e * (x ^ (-1 + e)) * Cos((x ^ e))) + (1 / x)),(-2 + e + (2 * x) + Sin((x ^ e)) + Ln(x))
(2 + (-1 * (1 / Cos(x)) * Sin(x)) + (8/5 * x)),(-12/5 + (2 * x) + (4/5 * (x ^ 2)) + Cos(-5/4) + Ln(Cos(x)))
(1 + (1 / (x * Ln(x)))),(-5/4 + e + x + Sin(2) + Ln(Ln(x)))
(2 + (7/4 * pi) + Cos(x)),(2 + (2 * x) + (7/4 * pi * x) + Sin(x))
(1 / (x * Ln(x))),(-1 + (-4 * e) + Ln(Ln(x)))
(1 + pi + (3 * (1 / ((-5 + (3 * x)) * Ln(3/2))))),(8 + x + (pi * x) + Log_3/2((-5 + (3 * x))))
((2 * x) + (1 / x) + Cos(x)),(15/2 + (x ^ 2) + Sin(x) + Ln(x))
(3 + (1 / (x * Ln(x)))),(-57/2 + (3 * x) + Ln(Ln(x)))
((-1 * Sin(x)) + (14/3 * x) + (1 / x)),((7/3 * (x ^ 2)) + Cos(x) + Ln(2) + Ln(x))
(1 + (-2/5 * Cos(x)) + (2/5 * x * Sin(x))),((1 + (-2/5 * Cos(x))) * x)
(-162/25 * e * (x ^ 2)),(-4/5 + (-54/25 * e * (x ^ 3)))
(2 + (3 * (x ^ 2)) + Cos(x)),(3/2 + (2 * x) + (x ^ 3) + Sin(x))
(2 + (-1 * pi * (1 / (x ^ 2))) + (1 / (pi + x))),((2 * x) + (pi * (1 / x)) + Ln((pi + x)))
((-1 * Sin(x)) + (2 * x)),((-8/3 * Sin(e) * pi) + (x ^ 2) + Cos(x))
(2 * (1 / (7/2 + (2 * x)))),((Sin(3/2) ^ -1/2) + Cos(-1/2) + Ln((7/2 + (2 * x))))
(-5/2 * pi * Sin((5/2 * pi * x))),(3/2 + Cos(2/3) + Cos((5/2 * pi * x)))
(1 + (-2 * x * Sin((x ^ 2)))),(-1/2 + x + Sin(Cos(-3)) + Cos((x ^ 2)))
((-14/3 * pi) + (-1 * Sin(x))),(-47/5 + (-14/3 * pi * x) + Cos(x))
(1 + (-5/3 * e * pi) + (2 * x)),(-6 + x + (-5/3 * e * pi * x) + (x ^ 2))
(1 + (1 / (e ^ 8/3))),((1 + (1 / (e ^ 8/3))) * x)
(-1 * Cos(x) * (1 / (Sin(x) ^ 2))),(9 + (1 / Sin(x)) + (Sin(6/5) ^ 4))
(9/4 + (2 * x * Sin(x)) + ((x ^ 2) * Cos(x))),(5/3 + pi + (9/4 * x) + ((x ^ 2) * Sin(x)))
(1 + (-5 * Cos(3/2)) + Cos(x)),(-4/5 + x + (-5 * Cos(3/2) * x) + Sin(x))
((-7/4 * Sin((7/4 * x))) + (3/5 * (1 / ((-3/2 + x) ^ 2/5)))),(-3 + ((-3/2 + x) ^ 3/5) + Cos((7/4 * x)))
(((-50/3 * x) + (25 * (x ^ 2))) * e),(5/2 + e + (((-25/3 * (x ^ 2)) + (25/3 * (x ^ 3))) * e))
((-1 * Sin(-9/5) * (1 / ((104/15 + x) ^ 2))) + Ln(2)),((Sin(-9/5) * (1 / (104/15 + x))) + (Ln(2) * x))
(2 * Ln(9) * (9 ^ (-31/10 + (2 * x)))),(-5 + (9 ^ (-31/10 + (2 * x))))
(1 + (256 * pi * (x ^ 3))),(x + (64 * pi * (x ^ 4)))
(1 + (-1 * Sin((e + x)))),(4 + x + Cos((e + x)))
(1 + (-16/3 * e * x * Sin((8/3 * e * (x ^ 2))))),(x + Cos((8/3 * e * (x ^ 2))))
(-5/2 * (1 / ((5 + pi + (2 * x)) ^ 9/4))),(-9/20 + pi + ((5 + pi + (2 * x)) ^ -5/4))
((-18 * (1 / x)) + (1 / Ln(4/5))),(1 + (-18 * Ln(x)) + ((1 / Ln(4/5)) * x))
((-7/5 * (1 / (x ^ 12/5))) + (-1 * Sin(x) * Cos(Cos(x))) + (2 * e * x)),(e + (e * (x ^ 2)) + (x ^ -7/5) + Sin(-4) + Sin(Cos(x)))
((-1 * Sin(x)) + (2 * x) + Cos(x)),((x ^ 2) + Sin(x) + Cos(x))
((-1 * Sin(x)) + (2 * x)),(-1 + (x ^ 2) + Sin(-7/4) + Cos(x))
(1 + (-10/3 * pi * x * (1 / ((x ^ 2) ^ 2)))),(-2 + pi + x + (5/3 * pi * (1 / (x ^ 2))))
((-1 + (-10/3 * e)) * x),((-5/3 * e * (x ^ 2)) + (-1/2 * (x ^ 2)) + Cos(1/2))
(-1 * (e + pi) * (1 / (x ^ 2))),(-1/2 + pi + ((e + pi) * (1 / x)))
(3 + (-1 * (1 / Cos(x)) * Sin(x)) + (e * (x ^ (-1 + e)))),((2 * pi) + (3 * x) + (x ^ e) + Ln(Cos(x)))
(1 + (2 * x * (e ^ (x ^ 2)))),(8/5 + x + (e ^ (x ^ 2)))
(2 + (1 / (Ln(5/2) * x))),(-3/2 + pi + (2 * x) + Log_5/2(x))
(1 + ((1 / Sin(x)) * Cos(x))),(-7/12 + x + Ln(Sin(x)))
(1 / (Ln(3) * x * Log_3(x))),Ln(Log_3(x))
(1 + (e ^ (x + (2 * e)))),(-8/3 + e + x + (e ^ (x + (2 * e))) + Sin(-1/3))
(1 + (-1 * Sin(x)) + (10/9 * (1 / (x ^ 2)))),(9/4 + pi + x + (-10/9 * (1 / x)) + Cos(x))
(2 + (2 * x) + (7/4 * (x ^ 3/4))),((2 * x) + (x ^ 2) + (x ^ 7/4))
(1 + (1 / (2/5 + x))),(34/5 + x + Ln((2/5 + x)))
(Sin(x) * Sin(Cos(x))),(3/2 + Cos(Cos(x)))
((-1 * Sin(x)) + (1 / x) + Cos(x)),(-72/5 + Sin(x) + Cos(e) + Cos(x) + Ln(3) + Ln(x))
((2 * e * x * Ln(x)) + ((1 + (e * (x ^ 2))) * (1 / x))),((1 + (e * (x ^ 2))) * Ln(x))
((-1 * (1 / x) * Sin(x)) + (-1 * (1 / (x ^ 2)) * Cos(x))),(pi + ((1 / x) * Cos(x)))
(3 + (x * Cos(x)) + Sin(x)),(-4/3 + (3 * x) + (x * Sin(x)))
(1 + (-1 * Sin(x)) + (2 * x)),(x + (x ^ 2) + Cos(x))
(1 + (-1/2 * (1 / (x ^ 2)) * Sin((-1/2 * (1 / x))))),(x + Cos(-2) + Cos((-1/2 * (1 / x))))
(1 + (-1 * Sin(x)) + Cos(x)),(-19/2 + x + Sin(x) + Cos(x))
(1 / (Ln(7/3) * x)),((-40/3 * pi) + Log_7/3(x))
(2 + (2 * (1 / (Cos(x) ^ 3)) * Sin(x))),(7/2 + e + (2 * x) + (Cos(x) ^ -2))
(1 + (3 * (x ^ 2))),(x + (x ^ 3) + Ln((14/5 + e + pi)))
(2 * (1 / ((-9/4 + pi + (2 * x)) * Ln(3)))),(e + Log_3((-9/4 + pi + (2 * x))))
(3 + ((1 / (Ln(1/3) * Sin(x))) * Cos(x))),(pi + (3 * x) + Log_1/3(Sin(x)))
(5 + (-1 * x * Sin(x)) + Cos(x)),((-40 * pi) + (5 * x) + (x * Cos(x)))
(1 + (Ln(5/3) * (1 / Ln(4)))),(8 + x + Log_4((5/3 ^ x)))
(1 + (-6 * x) + (-1 * e * (1 / (x ^ 2)))),(x + (-3 * (x ^ 2)) + (e * (1 / x)))
((3 * (x ^ 2)) + Cos(x)),((2 * (1 / e)) + (x ^ 3) + Sin(x))
(-8 + (2 * x) + Cos(x)),(5/4 + (-8 * x) + (x ^ 2) + Sin(x))
(1 + (2 * x * (1 / ((x ^ 2) ^ 2)))),(-9/5 + x + (-1 * e) + (-1 * (1 / (x ^ 2))))
(1 + (2 * Cos((2 * x)))),(-6/5 + x + Sin((2 * x)))
(2 + (Ln(2) * (2 ^ x))),(-11 + (2 * x) + (2 ^ x))
(4 + (-8 * (1 / (x ^ 2))) + Cos(x)),(1 + (4 * x) + (8 * (1 / x)) + Sin(x) + Ln(pi))
(2 + (((5 * x) + (5/2 * e)) * Cos(-8/3))),((2 * x) + (((5/2 * e * x) + (5/2 * (x ^ 2))) * Cos(-8/3)) + Cos(Cos(9/2)))
(2 + (Cos(x) * Cos(Sin(x))) + Cos(x)),(3 + e + pi + (2 * x) + Sin(x) + Sin(Sin(x)) + Ln(2))
(1/5 + (2 * Cos(x))),(1/4 + e + (1/5 * x) + (2 * Sin(x)))
(1 + (1 / (4 + pi + x))),(-7 + x + Sin(5/4) + Ln((4 + pi + x)))
(3 * (x ^ 2) * Cos((x ^ 3))),Sin((x ^ 3))
((-1 * x * Sin(x)) + Cos(x)),((2 * (1 / Sin(e))) + (x * Cos(x)) + Sin(e))
(1 + (9 * (x ^ 2))),(29/3 + x + (3 * (x ^ 3)))
(1 + (1 / (Ln(8/5) * x * Log_8/5(x)))),(x + Ln(Log_8/5(x)))
(1 + (-3 * x * (1 / ((e + (3 * x)) ^ 2))) + (1 / (e + (3 * x)))),(-1/2 + x + (x * (1 / (e + (3 * x)))))
(2 + (-1 * Sin(x)) + (e * Cos(x))),(e + pi + (2 * x) + (e * Sin(x)) + Cos(x))
(1 + ((-20 + (-5 * pi)) * Cos(7/2))),((1 + ((-20 + (-5 * pi)) * Cos(7/2))) * x)
(3/4 * Sin((-3/4 * x))),((Sin(4/3) ^ 3/4) + Cos((-3/4 * x)))
(1 + (Ln(4) * (4 ^ (e + x)))),(-1 + x + (2 * pi) + (4 ^ (e + x)))
(1 + (-2 * Sin((4/3 + (2 * x))))),(x + Cos((4/3 + (2 * x))))
(1 + (-1 * Sin(x))),(7/3 + e + x + Cos(x))
(1 + (-3 * (1 / (x ^ 4))) + Cos(x)),(-8/5 + x + (x ^ -3) + Sin(x))
(3 * pi * ((3 * x) ^ (-1 + pi))),(1/3 + (-3/2 * pi) + ((3 * x) ^ pi))
(1 + (3/8 * (1 / (x ^ 2)))),(1 + e + x + (-3/8 * (1 / x)))
(6 * pi * (x ^ 2)),(1/6 + (2 * pi * (x ^ 3)))
(1 + (-1 * e * (1 / (x ^ 2)))),(127/30 + x + (e * (1 / x)))
(2 + (2 * x) + (2 * (1 / x))),(2 + (2 * x) + (2 * Ln(x)) + (x ^ 2))
(-8/3 * (Cos(x) ^ 5/3) * Sin(x)),(-11/12 + e + pi + (Cos(x) ^ 8/3) + Cos(e))
(3 + (2 * (1 / x))),(-3 + (2 * Ln(x)) + (3 * x) + Log_4/3(6/5))
(1 + (8 * Sin(3/2) * pi * x)),(x + (4 * Sin(3/2) * pi * (x ^ 2)) + Sin(-2))
(10/3 + (-1 * Sin(x) * Cos(Cos(x))) + (1 / x)),(-1 + (10/3 * x) + Sin(Cos(x)) + Ln(x))
(((2 * x) + (Ln(2) * (x ^ 2))) * Cos(-5/3) * (2 ^ x)),(e + (Cos(-5/3) * (2 ^ x) * (x ^ 2)))
(1 + (2 * x) + Cos(x)),(x + (x ^ 2) + Sin(7) + Sin(9/5) + Sin(x))
((x * Cos(x)) + Sin(x)),((1/6 * (1 / (pi ^ 2/3))) + (x * Sin(x)))
(1 + (pi * Cos((pi * x)))),(-5/4 + x + Sin((pi * x)) + Log_3/5(2))
(2 + (1 / x) + Cos(x)),(1/3 + e + pi + (2 * x) + Sin(x) + Ln(x))
(3 * (x ^ 2) * Cos((x ^ 3))),(Sin((x ^ 3)) + Cos(-8/5))
((-1 * e * (1 / (x ^ 2))) + Ln(pi)),((e * (1 / x)) + Ln((pi ^ x)))
((-3/2 * (x ^ 2) * Sin(x)) + (3 * x * Cos(x))),(pi + (3/2 * (x ^ 2) * Cos(x)) + Ln(pi))
(-63/5 * (1 / ((21/2 * x) ^ 11/5))),(-1/3 + ((21/2 * x) ^ -6/5) + Sin(3) + Ln(2))
((-1 * Sin(x)) + (8/5 * (e ^ 2))),((8/5 * (e ^ 2) * x) + Cos(x))
(2 + (5/3 * (1 / x))),((2 * x) + Ln(x) + Ln((x ^ 2/3)))
(1 + (-7/4 * (1 / (Cos(x) ^ 2)) * Sin(x))),(-42/5 + x + (-7/2 * Sin(5/4)) + (-7/4 * (1 / Cos(x))))
((-24/5 * (x ^ 2)) + (-2 * x)),(-1/5 + pi + (-8/5 * (x ^ 3)) + (-1 * (x ^ 2)))
((3/2 * (1 / (x * ((1 / x) ^ 2)))) + (3/2 * (1 / (1 / x)))),(e + (3/2 * x * (1 / (1 / x))) + Sin(Sin(-8/3)))
((-1 * Sin((2/5 + pi + x))) + (2 * x)),(1/6 + (x ^ 2) + Cos((2/5 + pi + x)))
(1 + (8/3 * e * (1 / x)) + Cos(x)),(2 + x + (8/3 * e * Ln(x)) + Sin(x) + Ln(5/4))
(4/3 + ((1 / Sin(x)) * Cos(x))),((4/3 * x) + Ln(Sin(x)))
((-1 * Sin(x)) + ((1 + Ln(x)) * e)),((2 * pi) + (e * x * Ln(x)) + Sin(3/4) + Cos(x))
(3 + (-1 * Sin(x))),((3 * x) + (Ln(pi) * pi) + Cos(x))
(1 + (e * (x ^ (-1 + e))) + (1 / (Ln(pi) * x))),(x + (x ^ e) + Ln(pi) + Log_pi(x))
(1 + e + (15/8 * x)),(x + (15/16 * (x ^ 2)) + (e * x) + Sin(-3/4))
(1 + (-1 * Sin((3/10 + pi + x)))),(e + pi + x + Cos((3/10 + pi + x)))
(2 + (-1 * Sin(x)) + (pi * (Sin(x) ^ (-1 + pi)) * Cos(x))),(-7/2 + (2 * x) + (Sin(x) ^ pi) + Cos(x))
(1 + (-1 * (1 / e) * Sin((x * (1 / e))))),(8 + x + Cos((x * (1 / e))))
(2 + (-2 * (1 / (x ^ 3))) + ((1 / pi) * e)),((2 * x) + ((1 / pi) * e * x) + (x ^ -2))
((((-1 * x * Sin(x)) + Cos(x)) * e) + Cos(x)),(pi + (e * x * Cos(x)) + Sin(x))
(-6/5 * Cos((-6/5 * x))),(((1 / pi) * e) + Sin((-6/5 * x)))
(1 + (2 * Cos(x))),(-13/5 + x + (2 * Sin(x)) + Cos(6))
(((-1 * (x ^ 2) * Sin(x)) + (2 * x * Cos(x))) * pi),(e + (3/2 * (2 ^ 7/4)) + (pi * (x ^ 2) * Cos(x)))
(1/2 * Cos((1/2 * x))),(3 + pi + Sin(-1) + Sin((1/2 * x)))
(4 + (-2 * Ln(9) * (9 ^ (-2 * x)))),(-1/3 + e + (4 * x) + (9 ^ (-2 * x)))
(-2 + (2 * (1 / (x ^ 2)))),(3 + e + (-2 * x) + (-2 * (1 / x)))
(3 + pi + (2/5 * (e ^ (2/5 * x)))),(e + (3 * x) + (pi * x) + (e ^ (2/5 * x)))
((2 * x) + (1 / x)),(-9 + (x ^ 2) + Ln(4) + Ln((e * x)))
((2 + (4 * Ln(x))) * x),(49/3 + (2 * (x ^ 2) * Ln(x)) + Cos(7/5))
(1 + (2 * Cos(x))),(10 + x + (2 * Sin(x)) + Sin(-1/3))
(1 + (-2/3 * (1 / ((1 + x) ^ 2)))),(7/4 + x + (2/3 * (1 / (1 + x))) + Ln(2))
(2 + (2 * e * x)),(-3/10 + (2 * x) + (e * (x ^ 2)))
(Ln(2) * (2 ^ x)),(2 ^ x)
((1 + Sin(2)) * Cos(x)),(-7/3 + (Sin(2) * Sin(x)) + Sin(x))
(1 + (-81/5 * Sin(e)) + (1 / (Ln(pi) * x))),(x + (-81/5 * Sin(e) * x) + Log_pi(x))
(2 + (-7/3 * (1 / (x ^ 10/3)) * Cos((x ^ -7/3)))),((2 * x) + Sin((x ^ -7/3)))
(Cos(x) * Cos(Sin(x))),(5/3 + (-24/5 * e) + Sin(Sin(x)) + Cos(-3))
(3 + (2 * Ln(7) * (7 ^ (-22/5 + (2 * x))))),(2/5 + (3 * x) + (7 ^ (-22/5 + (2 * x))) + Sin(-8))
(pi + (-1 * (1 / Cos(x)) * Sin(x))),(e + (pi * x) + Ln(Cos(x)))
(1 + (3/8 * Sin((-3/8 * x)))),(x + Cos((-3/8 * x)))
(1 + ((5/3 + (10/3 * Ln(x))) * x)),(-1 + e + x + (5/3 * (x ^ 2) * Ln(x)))
(1 + (-8/3 * (e ^ 2))),(pi + x + (-8/3 * (e ^ 2) * x) + Sin(Ln(pi)))
(-1 + (7/2 * (1 / (x ^ 2))) + Cos(x)),(-8/5 + (-7/2 * (1 / x)) + (-1 * x) + Sin(x))
(1 + (2 * Cos(x)) + (7 * x)),(-9/2 + x + (2 * Sin(x)) + (7/2 * (x ^ 2)))
(12/5 + (7/5 * Ln(x))),(5/3 + x + (7/5 * x * Ln(x)))
((-2/5 * pi) + (-1 * Ln(1/2) * (1/2 ^ x) * Sin((1/2 ^ x)))),(7/2 + (-2/5 * pi * x) + Cos((1/2 ^ x)) + Ln(pi))
(1 + (-2 * x) + (-1 * Sin(x))),(x + (-1 * (x ^ 2)) + Cos(x))
(1 + (1 / x) + Cos(x)),(pi + x + Sin(x) + Ln(x))
(1 + (4 * Cos(e) * pi)),((1 + (4 * Cos(e) * pi)) * x)
((-2 * x) + (-1/5 * (1 / (x ^ 2)) * Cos((1/5 * (1 / x))))),((-1 * (x ^ 2)) + Sin((1/5 * (1 / x))))
((-1 * Sin(x)) + (1 / (1 + x))),(-2/3 + Cos(-3) + Cos(x) + Ln((1 + x)))
(1/2 + (1 / x) + Cos(x)),(-13/16 + pi + (1/2 * x) + Sin(x) + Ln(x))
(2/3 + (1 / Ln(2))),(-9/2 + e + (2/3 * x) + ((1 / Ln(2)) * x))
(1 + (-2 * x) + (2 * Cos(x)) + (3 * (x ^ 2))),(x + (-1 * (x ^ 2)) + (2 * Sin(x)) + (x ^ 3))
(1 + (1 / (Ln(9/4) * x))),(9/2 + x + Log_9/4(x))
((2 * x) + (2 * (1 / (x ^ 2)))),(9/4 + (-2 * (1 / x)) + (x ^ 2) + Sin(-4))
(1 + (-8/5 * (1 / (x ^ 13/5)))),(-5 + x + (x ^ -8/5))
(1 + (9/5 * Cos((9/5 * x)))),(1/2 + pi + x + Sin(-3) + Sin((9/5 * x)))
(1 + (2 * pi * x * Sin((-1 * pi * (x ^ 2))))),(11/15 + x + Sin(-1) + Cos((-1 * pi * (x ^ 2))))
(1 + (2 * Cos(x))),(e + x + (2 * Sin(x)) + Sin(-11/3))
(1 / (x * (Ln(x) ^ 2))),((-1 * (1 / Ln(x))) + (2 ^ (-9/2 * (1 / e))) + Sin(-1/5))
(1 + (Ln(8/5) * (8/5 ^ x))),(-29/12 + e + x + (8/5 ^ x))
(1 + (-14/25 * x * Cos(x)) + (-14/25 * Sin(x))),(-17/10 + x + (-14/25 * x * Sin(x)) + Cos(-2))
(3 + (-1 * Sin(Sin(x)) * Cos(x))),((3 * x) + Cos(Sin(x)))
(2 + (-1 * Sin((-1 + x)))),(pi + (2 * x) + Cos((-1 + x)))
(3 + (5 * (1 / (x ^ 2))) + (Ln(7/2) * (7/2 ^ x))),((-5 * (1 / x)) + (3 * x) + (7/2 ^ x))
(2 + (Ln(pi) * (pi ^ x))),(1/2 + (2 * x) + (pi ^ x))
((-1 * Sin(x)) + (-1 * Ln(2/5) * (2/5 ^ Cos(x)) * Sin(x)) + Cos(x)),(-2 + (2/5 ^ Cos(x)) + Sin(x) + Cos(x))
(((7/3 * e) + (28/3 * x)) * Ln(2)),(-5/3 + (((7/3 * e * x) + (14/3 * (x ^ 2))) * Ln(2)))
(2 + (1 / x) + Cos(x) + Cos((-7/5 + x))),((2 * x) + Sin(x) + Sin((-7/5 + x)) + Cos(2) + Ln(x))
(1 + (-12 * e * x) + (-3 * Sin((3 * x)))),(x + (-6 * e * (x ^ 2)) + Cos((3 * x)))
(1 + (5/2 * (1 / (Cos(x) ^ 7/2)) * Sin(x))),(x + (Cos(x) ^ -5/2))
((2 * (1 / (Ln(7/3) * x))) + Cos(x)),(e + Sin(x) + Log_7/3((14/15 * (x ^ 2))))
(1 + (Ln(4/5) * (4/5 ^ x)) + (1 / (1/2 + e + x))),(-19/2 + x + (4/5 ^ x) + Ln((1/2 + e + x)))
((1 + (Ln(pi) * x)) * (pi ^ x)),(-7/2 + (x * (pi ^ x)) + Cos(-3/5))
(7/2 + (-1/2 * Ln(x))),((4 + (-1/2 * Ln(x))) * x)
(2 * x * (1 / pi)),(((1 / pi) * (x ^ 2)) + Sin(-3))
(1 + (-5/4 * (1 / Log_6(2)))),((1 + (-5/4 * (1 / Log_6(2)))) * x)
(2/3 * (1 / (x ^ 2))),(2 + (-2/3 * (1 / x)) + (Cos(-3/2) ^ 3))
(1 + (2/9 * x) + (8 * (x ^ 7) * Cos((x ^ 8)))),(x + (1/9 * (x ^ 2)) + Sin((x ^ 8)))
(1 + (4 * (1 / (x ^ 2)) * Cos((-4 * (1 / x)))) + Cos(x)),(x + Sin(x) + Sin((-4 * (1 / x))))
(pi + (2 * (1 / Ln(2)))),(1 + e + (2 * (1 / Ln(2)) * x) + (pi * x))
(1 + (3/2 * (1 / (x ^ 2)))),(11/3 + x + (-3/2 * (1 / x)))
(3/4 * (1 / ((pi + x) ^ 2))),(-19/6 + (-3/4 * (1 / (pi + x))))
(1 + (2/5 * Sin((-2/5 * x)))),(-3/4 + x + Cos((-2/5 * x)))
(1 + (1 / x) + Cos(x)),(1 + x + Sin(x) + Ln(x))
(2 + (((x * Cos(x)) + Sin(x)) * e)),(23/12 + (2 * x) + (e * x * Sin(x)) + Ln(7))
(1 + (-1 * (1 / Cos(x)) * Sin(x))),(2/5 + x + ((1 / (3 + pi)) * pi) + Ln(Cos(x)))
(2 + (-1 * e * (1 / (x ^ 2)))),(2 + (2 * e) + (2 * x) + (e * (1 / x)) + Sin(-5/4) + Cos(4/3))
(2 + (-2 * pi) + (3 * (x ^ 2))),(-7/3 + (-2 * pi * x) + (2 * x) + (x ^ 3))
((2 * Cos(1/5) * x) + Cos(x)),((Cos(1/5) * (x ^ 2)) + Sin(x))
(1 + (7/4 * Ln(4) * ((4 ^ x) ^ 7/4))),(3 + x + ((4 ^ x) ^ 7/4))
(1 + (3 * (x ^ 2)) + (5/2 * x)),(pi + x + (5/4 * (x ^ 2)) + (x ^ 3))
(2 + (-7/3 * (1 / (x * (Ln(x) ^ 2))))),(-15/2 + pi + (2 * x) + (7/3 * (1 / Ln(x))))
((1 + (3 * (x ^ 2))) * pi),(-1/4 + (pi * x) + (pi * (x ^ 3)))
(1 + (2/3 * (1 / (x ^ 1/3))) + (32/5 * x * Sin((-16/5 * (x ^ 2))))),(5/4 + x + (x ^ 2/3) + Cos((-16/5 * (x ^ 2))))
((2 * x) + ((e ^ Sin(x)) * Cos(x))),(2 + (e ^ Sin(x)) + (x ^ 2) + Cos(7))
(1 + (1 / (Ln(2/5) * x))),(59686989/1562500 + x + Ln(3) + Log_2/5(x))
((-1/2 * (e ^ 5/4)) + (1 / x)),(1 + (-1/2 * (e ^ 5/4) * x) + Sin(9/4) + Ln(x))
(1 + (-1 * x * Sin(x)) + Cos(x)),((1 + Cos(x)) * x)
(-1 + (-1 * Sin(x))),((-1 * x) + Sin(8) + Cos(x))
(1 + (1/2 * Sin((-1/2 * x))) + (1 / x)),(-7/4 + x + Sin(7/3) + Cos((-1/2 * x)) + Ln(x))
(5 + (-2 * (1 / (x ^ 2)) * Cos((2 * (1 / x))))),(1 + (5 * x) + Sin((2 * (1 / x))))
(1 + (1 / (Sin(-1) * x))),(3/2 + e + x + ((1 / Sin(-1)) * Ln(x)))
((-1 * (7/4 + (2 * x)) * (1 / (x ^ 2))) + (2 * (1 / x))),(((7/4 + (2 * x)) * (1 / x)) + Sin(9/2))
(1 + ((pi ^ 2) * (1 / (x * (((pi ^ 2) * (1 / x)) ^ 2)))) + (1 / ((pi ^ 2) * (1 / x)))),(x + (x * (1 / ((pi ^ 2) * (1 / x)))) + Ln(4/3))
(1 + (-3 * x * Sin(x)) + (3 * Cos(x))),(pi + x + (3 * x * Cos(x)))
(1 + (((6 * (x ^ 2)) + (7 * x)) * Cos(5/3))),(2 + pi + x + (((2 * (x ^ 3)) + (7/2 * (x ^ 2))) * Cos(5/3)))
((-1 * Sin(x)) + (2 * (1 / (Ln(7/3) * x)))),(9/5 + (6/5 * pi) + Cos(x) + Log_7/3((x ^ 2)))
(2 + (-5 * x * (1 / ((x ^ 2) ^ 2)))),((2 * x) + (5/2 * (1 / (x ^ 2))) + Ln(2/3))
(2 + pi + (-5 * (1 / x))),((-5 * Ln(x)) + (2 * x) + (pi * x))
(-3/5 * Sin(x) * (1 / (Cos(x) ^ 2/5))),((Cos(x) ^ 3/5) + Ln(4))
(1 + (-9/4 * (1 / (x ^ 13/4))) + (9/5 * e)),(-3 + x + (9/5 * e * x) + (x ^ -9/4) + Cos(4/5))
(Ln(6) * (6 ^ Sin(x)) * Cos(x)),(-59/10 + (6 ^ Sin(x)))
(1 + (x * (1 / (Cos(x) ^ 2)) * Sin(x)) + (1 / Cos(x))),(-26/5 + x + (x * (1 / Cos(x))))
(1 + (4/3 * (1 / (x ^ 2)))),(7/4 + x + (-4/3 * (1 / x)) + (-2 * (1 / Cos(-8))))
(1 + (2 * (1 / (Cos(x) ^ 3)) * Sin(x))),(-27/10 + x + (Cos(x) ^ -2))
(1 + (e * (x ^ (-1 + e))) + Cos(x)),(-2 + x + (x ^ e) + Sin(x))
(3 + (2 * Sin(2) * x)),(3/4 + (3 * x) + (Sin(2) * (x ^ 2)))
(14/3 * pi * x * Sin((-7/3 * pi * (x ^ 2)))),(e + pi + Cos((-7/3 * pi * (x ^ 2))))
(1 + ((9/4 + x) * Cos(x))),(4 + x + ((9/4 + x) * Sin(x)) + Cos(x))
(((1 / Sin(x)) * Cos(x)) + (Ln(9/2) * (9/2 ^ x))),(-3/4 + (9/2 ^ x) + Ln(Sin(x)))
(2 + (3 * (x ^ 2)) + (4/3 * x)),((2 * x) + (2/3 * (x ^ 2)) + (x ^ 3))
(3 + (3 * (x ^ 2))),(2/3 + (3 * x) + (x ^ 3))
(1 + (1 / ((9/5 + pi + x) * Ln(1/4)))),(x + Sin(-3) + Log_1/4((9/5 + pi + x)))
(2 + pi + (4 * (x ^ 3))),((2 * x) + (pi * x) + (x ^ 4))
((-1 * (3/2 ^ e) * (1 / (x ^ 2))) + (1 / x)),(((3/2 ^ e) * (1 / x)) + (1/2 ^ -1/2) + Ln(x))
(1 + (-3/4 * (1 / (x ^ 2)) * Cos((3/4 * (1 / x))))),(2/3 + x + Sin((3/4 * (1 / x))))
(1 + (2 * Cos(-8) * x)),(-16/3 + x + (Cos(-8) * (x ^ 2)) + (Ln(9/5) ^ 8/3))
((5/4 * Ln(4) * e * (4 ^ x)) + (1 / x)),(-8 + (5/4 * e * (4 ^ x)) + Cos(1/3) + Ln(x))
((-1 * x * Sin(x)) + (2 * Cos(x))),((x * Cos(x)) + Sin(x))
(-1 + (-1 * Sin(x)) + (-1 * Sin((-4 + x)))),(6/5 + (-1 * x) + Cos(x) + Cos((-4 + x)))
(1 + (-1 * Sin(x)) + (8/3 * Ln(2) * (1 / ((Ln(2) * x) ^ 2)))),(1 + x + (-8/3 * (1 / (Ln(2) * x))) + Cos(x))
(4 + (-1 * Sin(Sin(x)) * Cos(x)) + (1 / x)),(4/3 + (4 * x) + Cos(Sin(x)) + Ln(x))
(3 + (2 * x) + Cos(x)),((3 * x) + (x ^ 2) + Sin(-9/4) + Sin(x))
(1 + (-1 * (1 / x) * Sin(Ln(x)))),(31/10 + x + Cos(Ln(x)))
(1 + (-1 * (2 ^ 1/5) * Sin(x))),(-4 + x + ((2 ^ 1/5) * Cos(x)))
(1 + (-1 * Sin((9/5 + x))) + (1 / x)),(x + Cos((9/5 + x)) + Ln(x))
(3 + (3 * (x ^ 2))),(-5 + (2 * pi) + (3 * x) + (x ^ 3))
(4 + (-5 * (x ^ 2) * Cos((-5/3 * (x ^ 3))))),(5 + (4 * x) + Sin((-5/3 * (x ^ 3))))
(2 + (2 * e * ((2 * x) ^ (-1 + e)))),(e + (2 * x) + ((2 * x) ^ e))
(2 + (-3/5 * (-3/2 + pi) * Ln(1/2) * (1 / e))),(-9/2 + (-3/5 * (-3/2 + pi) * Ln(1/2) * (1 / e) * x) + (2 * x))
(-21/2 * pi * (1 / (x ^ 2))),(2 + pi + (21/2 * pi * (1 / x)))
((Ln(2/5) * (2/5 ^ (-2 + x))) + Cos(x)),((2/5 ^ (-2 + x)) + ((-6/5 * pi) ^ 2) + Sin(x))
(-1 + (-2/5 * e * (1 / ((e * x) ^ 7/5)))),((-1 * x) + ((e * x) ^ -2/5) + Ln(2))
(1 + (2 * pi * x * ((x ^ 2) ^ (-1 + pi)))),(8 + x + ((x ^ 2) ^ pi) + Sin(Ln(2)) + Cos(2))
((2 * Ln(5/3) * (5/3 ^ (2 * x))) + (pi * (1 / x))),(3/2 + (pi * Ln(x)) + (5/3 ^ (2 * x)))
(1 + (-1 * e * Sin(x))),(x + (e * Cos(x)))
(2 + (7/3 * pi * ((pi * x) ^ 4/3))),(e + (2 * x) + ((pi * x) ^ 7/3))
((-1 * Sin(x)) + (1 / x) + Cos((-9 + x))),(Sin((-9 + x)) + Cos(x) + Ln(2) + Ln(x))
(2 + ((1 / pi) * Cos((x * (1 / pi))))),(-2 + pi + (2 * x) + Sin((x * (1 / pi))))
(1 + (-3/4 * (e ^ (-3/4 * x))) + (-1 * e * (1 / (x ^ 2)))),(1/4 + x + (e * (1 / x)) + (e ^ (-3/4 * x)))
((-2 * Sin((2 * x))) + (-1 * Sin(x))),(Cos(x) + Cos((2 * x)))
(1 + (2 * x) + (1 / x)),(-32/5 + x + (x ^ 2) + Ln(x))
(1 + (-1 * Sin(x)) + (1 / x) + Cos(x)),(1 + x + Sin(x) + Cos(1/4) + Cos(x) + Ln(x))
(1 + (-7/4 * e * pi)),((1 + (-7/4 * e * pi)) * x)
((e * (x ^ (-1 + e))) + (1 / (pi * x))),(1 + ((1 / pi) * Ln(x)) + (x ^ e))
(1 + (1 / (Ln(3) * x)) + Cos(x)),(12/5 + x + Sin(x) + Log_3((1/3 * x)))
(1 + (-5 * Sin(7) * (pi ^ 2) * x)),(7 + x + (-5/2 * Sin(7) * (pi ^ 2) * (x ^ 2)) + Ln(1/2))
(3/2 + (-1 * Sin(x))),(pi + (3/2 * x) + Cos(x))
(2 + (5/4 * (1 / (Sin(x) ^ 2)) * Cos(x))),((-5/4 * (1 / Sin(x))) + (2 * x) + Cos(e))
(-7/3 + (-7/5 * Sin(x)) + (2 * x) + (1 / x)),(e + (-7/3 * x) + (7/5 * Cos(x)) + (x ^ 2) + Ln(x))
(1 + (6/5 * x) + Cos(x)),(-9/4 + pi + x + (3/5 * (x ^ 2)) + Sin(x))
(1 + (-1 * Sin(-3) * (1 / (x * (Ln(x) ^ 2)))) + (e * (x ^ (-1 + e)))),(x + (Sin(-3) * (1 / Ln(x))) + (x ^ e) + Cos(1))
((1 / (Ln(1/4) * x)) + (e ^ x)),(pi + (e ^ x) + Ln((2 + e)) + Log_1/4(x))
(2 + (1 / (Ln(3/5) * x * Ln(x)))),(-13/3 + (2 * x) + Log_3/5(Ln(x)))
((-1 * Sin(x)) + (3 * (x ^ 2))),(pi + (x ^ 3) + Cos(-1) + Cos(x))
(1 + (18/5 * Ln(3/2) * x * (3/2 ^ (9/5 * (x ^ 2))))),(-1/2 + x + (3/2 ^ (9/5 * (x ^ 2))) + Sin(-3/2))
(2 + (-35 * e) + (1 / x)),(2 + (-35 * e * x) + (2 * x) + Ln(x))
((4 * (x ^ 3)) + (x ^ 4)),((1/5 * (x ^ 5)) + (x ^ 4))
(2 + ((7/2 + x) * (1 / x)) + Ln(x)),(-38/5 + (2 * x) + ((7/2 + x) * Ln(x)))
(3 + (2 * x) + Cos(x)),((3 * x) + (x ^ 2) + Sin(x) + Cos(-9) + Cos(e))
(2 + (Ln(pi) * (pi ^ x))),(17/4 + (2 * x) + (pi ^ x) + Ln(2))
((-1 * Sin(-5/2) * (1 / (x ^ 2))) + (-1 * Sin(x))),(1 + (Sin(-5/2) * (1 / x)) + Cos(x))
(2 + (-1 * (1 / (x ^ 2)))),(2 + (2 * x) + (1 / x) + Sin(7/2))
(Ln(4) * (4 ^ x)),(-1/12 + e + (4 ^ x))
(2 + (2 * x * Cos((x ^ 2))) + (7/3 * e)),(((2 + (7/3 * e)) * x) + Sin((x ^ 2)))
(1 / (Ln(4/3) * x)),(e + Log_4/3(x))
(1 + Cos(x) + Cos((3 + x))),(e + x + Sin(x) + Sin((3 + x)))
((3 * pi * (x ^ 2)) + (4 * (x ^ 3))),(16/5 + e + (pi * (x ^ 3)) + (x ^ 4))
((-1 * Sin(x)) + (1 / x)),(e + pi + Cos(x) + Ln((2 * x)))
(1 + (1 / x) + Cos(x)),(x + Sin(x) + Ln(x))
(2 + ((-21/5 + (6 * x)) * Sin(x)) + (((-21/5 * x) + (3 * (x ^ 2))) * Cos(x))),((2 * x) + (((-21/5 * x) + (3 * (x ^ 2))) * Sin(x)))
(2 + (-5/3 * e * Cos((-5/3 * e * x)))),(-56/5 + (2 * x) + Sin((-5/3 * e * x)))
(2 + (3 * (x ^ 2))),(-2 + e + pi + (2 * x) + (x ^ 3) + Sin(-7))
(2 + (-4/3 * e * x)),(pi + (-2/3 * e * (x ^ 2)) + (2 * x))
((-1 * (1 / (x ^ 2))) + (2 * x) + (1 / x)),((1 / x) + (x ^ 2) + Cos(e) + Ln(x))
(1 + (-7/2 * x * Cos(x)) + (7/4 * (x ^ 2) * Sin(x))),(1 + x + (-7/4 * (x ^ 2) * Cos(x)))
(8/9 * (1 / ((x ^ 2) * ((1 / x) ^ 2)))),(-9/5 + (8/9 * (1 / (1 / x))))
(1 + (3 * (x ^ 2))),(-6/5 + pi + x + (x ^ 3))
(1 + (-1 * Sin((-8/3 + x)))),(62/15 + x + Cos(e) + Cos((-8/3 + x)))
(2 + (-9 * x) + (1 / x)),(-1/2 + (-9/2 * (x ^ 2)) + (2 * x) + Ln(x))
((2 * Cos(x)) + (9/2 * e * x)),(3/4 + (2 * Sin(x)) + (9/4 * e * (x ^ 2)))
((-7/4 * Sin(x) * Cos(x)) + (((-7/4 * e) + (-7/4 * x)) * (Cos(x) ^ 2)) + (((7/4 * e) + (7/4 * x)) * (Sin(x) ^ 2))),(4 + (((-7/4 * e) + (-7/4 * x)) * Sin(x) * Cos(x)))
(1 + Cos((e + x))),(39/5 + x + (-3/4 * Sin(3)) + Sin((e + x)))
(1 + (-2 * Sin((-7/4 + pi + (2 * x)))) + (3 * Sin((-3 * x)))),(-7 + x + Cos((-7/4 + pi + (2 * x))) + Cos((-3 * x)))
(-2 * x * Sin((x ^ 2))),(5/4 + Cos((x ^ 2)))
(1 + (-1/4 * pi * Cos(x))),(1 + x + (-1/4 * pi * Sin(x)))
((1 + (-1 * Sin(Ln(x)))) * (1 / x)),(Cos(Ln(x)) + Ln(x))
((-1 * (1 / ((x ^ 3/4) * ((x ^ 1/4) ^ 2)))) + ((1 / (Ln(2/3) * x)) * Cos(Log_2/3(x)))),((4 * (1 / (x ^ 1/4))) + Sin(Ln(2)) + Sin(Log_2/3(x)))
(1 + (-1 * pi * (1 / ((-1 + x) ^ 2))) + (7/5 * (1 / (x ^ 2)))),(x + (-7/5 * (1 / x)) + (pi * (1 / (-1 + x))))
((-1 * x * (1 / ((-3 + x) ^ 2))) + (1 / (-3 + x))),(13/4 + pi + (x * (1 / (-3 + x))))
(6 * Ln(2) * (x ^ 2)),(-3/2 + (2 * Ln(2) * (x ^ 3)))
(2 + (-2/3 * (1 / (x * (Ln(x) ^ 5/3)))) + (-1 * Sin((4/5 + pi + x)))),((2 * x) + (Ln(x) ^ -2/3) + Cos((4/5 + pi + x)))
(1 + (1 / (-4 + e + x))),(-2 + x + Ln(2) + Ln((-4 + e + x)))
(2 + (45/2 * (1 / ((x ^ 2) * ((1 / x) ^ 2))))),(-23/10 + (2 * x) + (45/2 * (1 / (1 / x))))
((-1 * x * (1 / ((-1/5 + x) ^ 2))) + (1 / (-1/5 + x))),(1 + (x * (1 / (-1/5 + x))) + Cos(e))
(2 + (3 * (1 / (2/5 + (3 * x))))),(pi + (2 * x) + Ln((2/5 + (3 * x))))
(1 + (9/5 * e) + (Ln(3/4) * (3/4 ^ x))),(((1 + (9/5 * e)) * x) + (3/4 ^ x))
(4 + (-1 * Sin(x))),(7/5 + pi + (4 * x) + Sin(-1) + Cos(x))
(1 / (x * Ln(x))),(1/2 + Cos(7/5) + Ln(Ln(x)))
(1 + (-1 * pi * Sin((pi * x))) + Cos(x)),(-1/12 + x + Sin(x) + Cos((pi * x)))
(-1/4 + (-1 * Sin(x)) + (1 / (6/5 + x))),(11/6 + (-1/4 * x) + Cos(x) + Ln((6/5 + x)))
(1 + (9 * pi * Sin(x))),(1 + x + (-9 * pi * Cos(x)) + (Ln(5/4) ^ -3))
((-3/2 * (1 / (x ^ 2))) + (-1 * Sin(x)) + Cos(x)),(4 + pi + (3/2 * (1 / x)) + Sin(x) + Cos(x))
((-5/6 + (5/6 * Ln(x))) * (1 / (x ^ 2))),(-5/6 * Ln(x) * (1 / x))
(-5 + (2 * Cos((2 * x)))),((-5 * x) + Sin(8) + Sin((2 * x)))
((2 * Cos(-7/3) * x) + (e * (Sin(x) ^ (-1 + e)) * Cos(x))),((Cos(-7/3) * (x ^ 2)) + (Sin(x) ^ e))
(2 + (-1 * (1 / (x ^ 2)))),(-7/5 + (2 * x) + (1 / x))
(1 + (3/5 * Cos((3/5 * x))) + Cos(x)),(pi + x + Sin(x) + Sin((3/5 * x)))
(1 + (3 * (1 / (-9/5 + (3 * x))))),(x + Ln((-9/5 + (3 * x))))
(2 + (2 * Cos((43/12 + (2 * x))))),(2/5 + (2 * x) + Sin((43/12 + (2 * x))))
((4 * x) + (e ^ 2)),((2 * (x ^ 2)) + ((e ^ 2) * x) + (e ^ 3))
(1 + (-30 * (1 / pi) * (x ^ 2))),(x + (-10 * (1 / pi) * (x ^ 3)))
(1 + (1 / (163/20 + e))),(-2/3 + x + ((-1 + x) * (1 / (163/20 + e))))
(2 + (1/3 * (1 / (x ^ 2)))),((-1/3 * (1 / x)) + (2 * x) + Cos(e))
((-1 * (1 / (x ^ 2))) + (2 * x * Sin(x) * Cos(x)) + (Sin(x) ^ 2)),(8/5 + (x * (Sin(x) ^ 2)) + (x ^ -1))
(2 + (6 * (x ^ 2))),((2 * x) + (2 * (x ^ 3)))
(8/5 * Ln(pi) * (pi ^ (-8/5 * (1 / x))) * (1 / (x ^ 2))),(-11/4 + pi + (pi ^ (-8/5 * (1 / x))) + Sin(5/3))
(1 + (1 / (Ln(pi) * x))),(e + x + Log_7/2(1/2) + Log_pi((5 * x)))
(1 + (2 * e * x) + Cos(x)),(pi + x + (e * (x ^ 2)) + Sin(x))
(-1 + (-1 * Sin(x))),(pi + (-1 * x) + Cos(x) + Ln(2))
(e * Cos((e * x))),(-9/2 + pi + Sin((e * x)) + Ln(2))
(1 + (-2 * Sin((2 * x))) + (-1 * Sin(-8) * e * pi * Sin(x)) + (1 / x)),(x + (Sin(-8) * e * pi * Cos(x)) + Cos((2 * x)) + Ln(x))
((1/5 * (1 / (x ^ 4/5))) + (Ln(3/2) * (1 / x) * (3/2 ^ Ln(x))) + Cos(x)),(1/3 + (3/2 ^ Ln(x)) + (x ^ 1/5) + Sin(x))
((4 * (x ^ 3)) + ((-2/5 + (2 * x)) * pi)),((((-2/5 * x) + (x ^ 2)) * pi) + (x ^ 4))
(1 + (2 * Cos(e) * x)),(-3 + x + (Cos(e) * (x ^ 2)))
(-6 * (x ^ 2) * Sin((2 * (x ^ 3)))),(-2 + Cos((2 * (x ^ 3))))
(1 + ((12 + (4 * pi)) * x)),(pi + x + ((6 + (2 * pi)) * (x ^ 2)))
(1 + (2 * Ln(4/3) * (4/3 ^ (2 * x)))),(-6/5 + e + x + (4/3 ^ (2 * x)))
(4 + (4 * Ln(x)) + Cos(x)),(1/5 + (4 * x * Ln(x)) + Sin(x))
(1 + (2 * pi * x) + Cos(x)),(x + (pi * (x ^ 2)) + Sin(-4) + Sin(x))
((3 * x) + (9/2 * (x ^ 2)) + (1 / x)),(-3 + pi + (3/2 * (x ^ 2)) + (3/2 * (x ^ 3)) + Ln(x))
(2 + (2 * Sin(3) * x)),((2 * x) + (Sin(3) * (x ^ 2)))
(-5/2 + pi + ((1 / x) * Cos(Ln(x)))),(((-5/2 + pi) * x) + Sin(Ln(x)) + Ln(2))
(-1 * e * (1 / (x ^ 2))),(pi + (e * (1 / x)))
(1 + (3 * e * (x ^ 2) * ((x ^ 3) ^ (-1 + e)))),(x + ((x ^ 3) ^ e) + Sin(1/4) + Cos(-5))
((-9/2 * pi * x * (1 / ((3/4 * pi * (x ^ 2)) ^ 4))) + (1 / x)),(-5 + ((3/4 * pi * (x ^ 2)) ^ -3) + Ln(x))
(1 + (2 * (1 / x))),(pi + x + (2 * Ln(x)))
(1 + (9 * (Sin(x) ^ 8) * Cos(x))),(8/3 + x + (Sin(x) ^ 9))
((-1 * x * (1 / ((1/2 + x) ^ 2))) + ((1 / (x ^ 2)) * Sin((x ^ -1))) + (1 / (1/2 + x))),(3/2 + (x * (1 / (1/2 + x))) + Cos((x ^ -1)))
(8/3 + (-1 * Sin(x)) + (-1 * Cos(-2) * (1 / (x ^ 2)))),((8/3 * x) + (Cos(-2) * (1 / x)) + Cos(x))
(4/5 + (-3/5 * Sin((3/5 * x)))),(-1/2 + (4/5 * x) + Cos((3/5 * x)))
(1 + (-2 * Sin(x)) + Cos(x)),(8 + x + (2 * Cos(x)) + Sin(x))
((-2 * x) + (-1 * e)),((-1 * e * x) + (-1 * (x ^ 2)) + (1/2 * e))
(3 + (-1 * Sin(x))),((3 * x) + Cos(x) + Ln(7))
(2 + (1 / Cos(-5/4))),(-15/2 + (2 * x) + ((1 / Cos(-5/4)) * x))
((-4/3 * x) + (9 * (x ^ 2))),((-2/3 * (x ^ 2)) + (3 * (x ^ 3)) + Cos(-8))
((-1 * (1 / e) * Sin((x * (1 / e)))) + (1 / x)),(Cos((x * (1 / e))) + Ln(x) + Ln(Sin(1)))
(1 + ((1 / (Ln(8) * x)) * Cos(Log_8(x)))),(x + Sin(Log_8(x)))
(-9/4 * (1 / (x ^ 2))),(-19/2 + pi + (9/4 * (1 / x)))
((2 * x) + Cos(x)),(3/2 + (x ^ 2) + Sin(x))
(1 + (Cos(x) * Cos(Sin(x)))),(59/20 + x + (2 * pi) + (5 ^ 2/5) + Sin(Sin(x)))
(2 + (1 / (-1/4 + x))),((2 * x) + Ln((-1/4 + x)))
((-6 * (x ^ 2) * Cos(x)) + (2 * (x ^ 3) * Sin(x)) + (1 / x)),((-2 * (x ^ 3) * Cos(x)) + (Sin(1/4) ^ e) + Ln(x))
(3 + (1 / (x ^ 2))),((-1 * (1 / x)) + (3 * x))
(1 + (-1 * Sin(x) * Cos(Cos(x)))),(x + Sin(Cos(x)) + Cos(-1/3))
((e * pi) + (1 / (x ^ 2))),(-11/3 + (-1 * (1 / x)) + (e * pi * x))
(3 + (-3 * Sin(x))),(e + (3 * x) + (3 * Cos(x)) + Sin(6))
(8 + (-1 * Sin(x))),((8 * x) + Cos(x) + Log_pi(6))
(-14/3 * Cos((-14/3 * x))),((2 * pi) + Sin((-14/3 * x)))
(2 + (-6 * x) + (-1 * e * (1 / (x ^ 2)))),(-17/3 + (-3 * (x ^ 2)) + (2 * x) + (e * (1 / x)))
(1 + (2 * x) + (((-1 * (x ^ 2) * Sin(x)) + (2 * x * Cos(x))) * pi)),(x + (pi * (x ^ 2) * Cos(x)) + (x ^ 2))
(1 + (9 * pi * (x ^ 2))),(-3/5 + x + (3 * pi * (x ^ 3)) + Sin(1/2))
(((2 * e * x) + (e ^ 2)) * pi),((((e * (x ^ 2)) + ((e ^ 2) * x)) * pi) + Cos(9/4))
((6 * e * (x ^ 2)) + (1 / x)),((2 * e * (x ^ 3)) + Ln(x))
(2 + (-3 * (1 / (Sin(x) ^ 4)) * Cos(x))),((2 * x) + (Sin(x) ^ -3))
(((-2/5 * (1 / ((e * x) ^ 2))) + Cos((e * x))) * e),(pi + (2/5 * (1 / (e * x))) + Sin((e * x)))
((8/5 + (16/5 * Ln(x))) * pi * x),(-2 + (8/5 * pi * (x ^ 2) * Ln(x)))
(1 + (-7/2 * e * (x ^ (-1 + e))) + (2 * Ln(3) * pi * x * (3 ^ (pi * (x ^ 2))))),(-7 + x + (-7/2 * (x ^ e)) + (3 ^ (pi * (x ^ 2))))
(3 * e * (x ^ 2) * (1 / pi)),((2 * pi) + ((1 / pi) * e * (x ^ 3)))
(-1/4 + ((1 / (Ln(pi) * x)) * Sin(x)) + (Cos(x) * Log_pi(x))),((-1/4 * x) + (Sin(x) * Log_pi(x)) + Sin(Cos(e)))
(56/3 * Sin((-56/3 * x))),(e + Cos((-56/3 * x)))
(3/2 + (-1 * Sin(x))),((3/2 * x) + Cos(x))
((-1 * e * Sin((e * x))) + (-1 * (1 / Cos(x)) * Sin(x)) + (-1 * Sin(x))),(Cos(x) + Cos((e * x)) + Ln(Cos(x)))
(2 + (-7/5 * (1 / (x ^ 2)))),(4 + (2 * x) + (7/5 * (1 / x)))
(1 + (-16/3 * x) + (-1 * Sin((5/4 + x)))),(-37/15 + x + (-8/3 * (x ^ 2)) + Cos((5/4 + x)))
((-4 * x) + (-4/5 * e) + (-1 * Sin(x))),(9 + (-4/5 * e * x) + (-2 * (x ^ 2)) + Cos(x))
(1 + (2 * Ln(3/2) * (3/2 ^ (2 * x)))),(-25/3 + x + (3/2 ^ (2 * x)))
(2 + (-1 * (1 / (x ^ 2)))),(2/5 + e + pi + (2 * x) + (1 / x))
(3 + ((1 + (2 * Ln(x))) * x)),(-20/3 + (3 * x) + ((x ^ 2) * Ln(x)))
(1 + (4 * (x ^ 3))),(2/5 + x + (x ^ 4) + Cos(-3/5))
(2 + (Ln(1/2) * e * (1/2 ^ (e * x))) + Cos(x)),(e + (2 * x) + (1/2 ^ (e * x)) + Sin(x))
(1 + (-8/3 * Ln(8) * (1 / (x ^ 11/3)) * (8 ^ (x ^ -8/3)))),(x + (8 ^ (x ^ -8/3)))
(-2/3 * Sin(1/4) * Sin(e) * pi * (1 / x)),((-2/3 * Sin(1/4) * Sin(e) * pi * Ln(x)) + (5/3 * e))
(1 + (-1 * Sin(x)) + (2 * Cos(x))),(1/5 + pi + x + (2 * Sin(x)) + Cos(x) + Ln(9))
(-1 * Sin(x) * (1 / Cos(x))),(-6 + e + Ln(Cos(x)))
(14 + (12 * Ln(x)) + (1 / x)),((2 * x) + (12 * x * Ln(x)) + Ln(x))
(1 + (3 * pi * (x ^ 2))),(x + (pi * (x ^ 3)) + Sin(-2))
(1/5 * (1 / (x ^ 4/5))),(e + (-7 * pi) + (x ^ 1/5))
(1 + (4/5 * pi) + (8/5 * x)),(x + (4/5 * pi * x) + (4/5 * (x ^ 2)))
(2 + (-3/5 * (e ^ 2)) + (-1 * (1 / (x ^ 2)))),((-3/5 * (e ^ 2) * x) + (2 * x) + (1 / x))
(-1/4 + (2 * Ln(4) * ((4 ^ x) ^ 2))),(pi + (-1/4 * x) + ((4 ^ x) ^ 2))
(1 + (-1 * Sin(x) * Cos(Cos(x)))),(2/5 + e + x + Sin(1) + Sin(Cos(x)) + Cos(-3))
(1 + (Sin(x) * Sin(Cos(x)))),(-1 + x + (Cos(e) * (pi ^ 2)) + Cos(Cos(x)))
(1 + (2 * Cos(-9/5)) + Cos(x)),(e + x + (2 * Cos(-9/5) * x) + Sin(x))
(2 + (-7/2 * Cos((-7/2 * x))) + (2 * x)),((2 * x) + (x ^ 2) + Sin((-7/2 * x)))
(1 + ((1 / Sin(x)) * Cos(x)) + (1 / x)),(-6/5 + x + Ln(x) + Ln(Sin(x)))
((Ln(3) * (3 ^ x)) + Cos(x)),((3 ^ x) + Sin(x))
((-1 * (1 / (x ^ 2)) * Sin(x)) + (8/5 * x) + ((1 / x) * Cos(x))),(3 + (4/5 * (x ^ 2)) + ((1 / x) * Sin(x)))
((-6/25 * (x ^ 1/5)) + (1 / x)),((-1/5 * (x ^ 6/5)) + Ln(x))
(2 * (1 / ((5/4 + pi + (2 * x)) * Ln(7/4)))),((9 ^ -2/5) + Log_7/4((5/4 + pi + (2 * x))))
(-2 * Sin(9/5) * (1 / ((7/4 + (2 * x)) ^ 2))),((-1 * e) + (Sin(9/5) * (1 / (7/4 + (2 * x)))) + Ln(3/2))
(2 + (-2 * Ln(8/3) * (1 / (x ^ 3)) * (8/3 ^ (x ^ -2))) + (1 / x)),(1/4 + (2 * x) + (8/3 ^ (x ^ -2)) + Ln(x))
(1 + (-9/2 * Cos(x)) + (9/2 * x * Sin(x))),(x + (-9/2 * x * Cos(x)) + (pi ^ (7/5 ^ pi)))
(2 + (1 / (-3/5 + x))),(8 + (2 * x) + Cos(-2) + Ln((-3/5 + x)))
(2 + (-1 * Sin((-17/10 + x)))),(7 + (2 * x) + Cos((-17/10 + x)))
(1 + (Ln(pi) * (pi ^ (-2 + x))) + Cos((9/2 + pi + x))),(x + (pi ^ (-2 + x)) + Sin((9/2 + pi + x)))
(3 * pi * (x ^ 2)),((pi * (x ^ 3)) + (3 ^ -5/4) + Cos(-5))
(3/8 * (1 / (x ^ 2))),(-5 + (-3/8 * (1 / x)) + Sin(-8/3))
(3 + (9/2 * (x ^ 2))),((3 * x) + (3/2 * (x ^ 3)) + Sin(-7/5))
(1 + ((-8 + (6 * x)) * Cos(x)) + (((-3 * (x ^ 2)) + (8 * x)) * Sin(x))),(x + (((-8 * x) + (3 * (x ^ 2))) * Cos(x)))
((-2 * x) + (3 * (x ^ 2))),(6 + (-1 * (x ^ 2)) + (x ^ 3))
(1 + (Cos(1/4) * Ln(5/3) * (5/3 ^ x))),(-4 + x + (Cos(1/4) * (5/3 ^ x)))
(1 + (2 * x) + Cos(x)),(19/3 + x + (x ^ 2) + Sin(x))
(16/3 + (-1 * e * (Cos(x) ^ (-1 + e)) * Sin(x))),((16/3 * x) + (Cos(x) ^ e))
((-1 * pi * Sin((pi * x))) + (3 * e * ((-2/5 + (3 * x)) ^ (-1 + e)))),(((-2/5 + (3 * x)) ^ e) + Cos((pi * x)))
((-7 * Sin((7 * x))) + (Ln(2/3) * (2/3 ^ (pi + x)))),((2/3 ^ (pi + x)) + Cos((7 * x)))
((-1 * Sin(x)) + Cos(x)),(4/3 + pi + Sin(x) + Cos(x))
(e * (x ^ (-1 + e))),(2/5 + (x ^ e))
(1 + (-1 * Sin(x)) + Cos(x)),(-1 + x + Sin(x) + Cos(-1/4) + Cos(x))
(2 + ((1 / pi) * x)),((1/2 * (1 / pi) * (x ^ 2)) + (2 * x))
(2 + (3 * Ln(2) * (x ^ 2))),(-5 + (2 * x) + (Ln(2) * (x ^ 3)))
(-1 * Ln(3) * (3 ^ x) * Sin((3 ^ x))),(17/4 + pi + Cos((3 ^ x)))
((-16/9 * x) + (1 / pi)),(8/5 + (-8/9 * (x ^ 2)) + ((1 / pi) * x))
((5/6 * e * pi) + Cos(x)),(9/2 + (5/6 * e * pi * x) + Sin(x))
(1 + (2 * Ln(pi) * (pi ^ (2 * x)))),(-1 + x + (pi ^ (2 * x)) + Cos(2))
(-1 + (5 * e * (1 / (x ^ 2))) + Cos(x)),((-5 * e * (1 / x)) + (-1 * x) + Sin(x))
((pi * (x ^ (-1 + pi))) + Cos(x)),(-5/2 + (x ^ pi) + Sin(1) + Sin(x))
(2 + (8/5 * (x ^ 3/5))),(-19/10 + pi + (2 * x) + (x ^ 8/5))
(4 + (-1 * Sin(x))),(2 + (4 * x) + Cos(x) + Ln(2))
((-2 * Sin((6 + (2 * x)))) + (-1 * Sin(x))),(Cos(x) + Cos((6 + (2 * x))))
(Ln(3/4) * (3/4 ^ x)),(2 + pi + (3/4 ^ x))
(4 + (2 * (pi ^ 2) * x)),(1 + (4 * x) + ((pi ^ 2) * (x ^ 2)))
(3 + (8/5 * (x ^ 3/5)) + (1 / x)),((3 * x) + (x ^ 8/5) + Ln(x))
((-27 * pi * x) + (2 * (1 / x))),((-27/2 * pi * (x ^ 2)) + Ln((e * (x ^ 2))))
(7/3 * Sin((7/3 * (1 / x))) * (1 / (x ^ 2))),Cos((7/3 * (1 / x)))
(1 + (2 * Ln(9) * (9 ^ (-3/2 + (2 * x))))),(17/3 + e + pi + x + (9 ^ (-3/2 + (2 * x))))
(1 + (-2 * Sin(x))),(1 + x + (2 * Cos(x)) + Cos(3/2) + Ln(5/4))
((-1 * Sin(x)) + (21 * e * pi * x)),((21/2 * e * pi * (x ^ 2)) + Cos(x))
(1 + (-1 * Sin(x)) + (1 / x)),(x + Cos(x) + Ln(x))
(1 + (((-18/5 * e) + (-18/5 * pi)) * x)),(-3/4 + x + (-2 * e) + (((-9/5 * e) + (-9/5 * pi)) * (x ^ 2)))
(-2 * Cos(x) * (1 / (Sin(x) ^ 3))),(2/3 + e + (Sin(x) ^ -2))
(-1/3 + (Sin(4/3) * e)),((-1/3 + (Sin(4/3) * e)) * x)
(2 * x * Cos((x ^ 2))),(-2 + Sin(9/2) + Sin((x ^ 2)))
(4 + (-1 * (1 / Cos(x)) * Sin(x))),((4 * x) + Ln(Cos(x)))
(2 + (2 * (1 / x))),((-63/2 * e) + (2 * x) + (2 * Ln(x)))
((-1 * x * (Sin(x) ^ 2)) + (2 * e * ((-7/4 + e + (2 * x)) ^ (-1 + e))) + (x * (Cos(x) ^ 2)) + (Sin(x) * Cos(x))),((x * Sin(x) * Cos(x)) + ((-7/4 + e + (2 * x)) ^ e))
(-2 * Sin(x) * Cos(x)),(-6 + (Cos(x) ^ 2))
((-1 * Sin(x) * Cos(Cos(x))) + (4/3 * Cos(e) * x)),(-8 + (2/3 * Cos(e) * (x ^ 2)) + Sin(Cos(x)))
(3 + (1 / (Ln(9/5) * x))),(-1/3 + (3 * x) + Log_9/5(x))
(1 + (2 * Cos((2 * x))) + (6/5 * (x ^ 2))),(x + (2/5 * (x ^ 3)) + Sin((2 * x)))
(2 + (4 * (x ^ 3))),(e + pi + (2 * x) + (x ^ 4))
(2 + (-2 * (1 / (x ^ 3)))),((2 * x) + (x ^ -2))
(-1 * Sin((-3 + x))),(Sin(-3) + Cos((-3 + x)))
(3 + ((-8/5 + (2 * x)) * pi)),((3 * x) + (((-8/5 * x) + (x ^ 2)) * pi))
(1 + (Cos(x) * Cos(Sin(x)))),(35/12 + e + x + Sin(Sin(x)) + Ln(3/5))
(3 + (1/3 * (1 / (x ^ 2/3)) * Log_9/5(x)) + (1 / (Ln(9/5) * (x ^ 2/3)))),((-1 * e) + (3 * x) + ((x ^ 1/3) * Log_9/5(x)))
(1 + (2 * Cos((-8/5 + (2 * x)))) + (Cos(x) * Cos(Sin(x)))),(x + Sin((-8/5 + (2 * x))) + Sin(Sin(x)))
(1/2 * Cos((1/2 * x))),(-1/2 + e + Sin((1/2 * x)))
(1 + (-1 * Sin(x)) + (1 / x)),(22/3 + pi + x + Cos(x) + Ln((4 * x)))
(3 + (Ln(9/5) * (9/5 ^ x)) + Cos(x)),(-49/20 + (3 * x) + (9/5 ^ x) + Sin(x))
(2 + (pi * Cos(x))),((2 * x) + (pi * Sin(x)) + Ln(7/4))
((-1 * e * (1 / (x ^ 2)) * (e ^ (e * (1 / x)))) + Cos(x)),(-31/15 + pi + (e ^ (e * (1 / x))) + Sin(x) + Cos(-2))
(1 + (6 * pi * (x ^ 2))),(-8/3 + x + (2 * pi * (x ^ 3)))
((1/2 * (1 / (x * (Ln(x) ^ 1/2)))) + Cos(x)),(-5/6 + (Ln(x) ^ 1/2) + Sin(x))
(3 + (2 * Ln(8/3) * (8/3 ^ (2 * x)))),(2 + (3 * x) + (8/3 ^ (2 * x)))
(1 + (2 * Sin(-1/4) * e)),(4/3 + x + (2 * Sin(-1/4) * e * x))
(2 + (2 * Cos((4/3 + (2 * x))))),(pi + (2 * x) + Sin((4/3 + (2 * x))))
(1 + (-9 * pi * x * Cos(x)) + (-9 * pi * Sin(x))),((1 + (-9 * pi * Sin(x))) * x)
((-7 * x) + (-5/2 * (1 / ((5/2 * x) ^ 2)))),(-13/3 + (-7/2 * (x ^ 2)) + ((5/2 * x) ^ -1))
(2 + (-1 * Sin(x)) + Cos((pi + x))),((2 * x) + Sin((pi + x)) + Cos(x) + Ln(6))
(1 + (2 * Sin(e) * x)),(-1/4 + x + (Sin(e) * (x ^ 2)))
(-1/2 + (4 * (x ^ 3))),((-1/2 * x) + (x ^ 4))
(1 + (-2 * Sin((2 * x)))),(-1/5 + x + (e ^ Sin(5/4)) + Cos((2 * x)))
(2 + (4/3 * x) + Cos(x)),(-2 + e + (2 * x) + (2/3 * (x ^ 2)) + Sin(x))
(5 + (-2 * (1 / (x ^ 2)))),(3/5 + pi + (2 * (1 / x)) + (5 * x))
(1 + (2 * e * x)),(pi + x + (e * (x ^ 2)) + Cos(-2))
(((2 * pi * x) + (3 * (x ^ 2))) * Cos(6) * Ln(2)),(e + (((pi * (x ^ 2)) + (x ^ 3)) * Cos(6) * Ln(2)))
((-1 * (e ^ Cos(x)) * Sin(x)) + (Sin(1/4) * Cos(x)) + Cos(x)),((Sin(1/4) * Sin(x)) + (e ^ Cos(x)) + Sin(x))
(1 + (1 / (Ln(6/5) * x))),(-3/4 + x + Log_6/5((e * x)))
((1 + Cos(Sin(x))) * Cos(x)),(-5/2 + Sin(x) + Sin(Sin(x)))
(2 + (Ln(4/5) * (4/5 ^ x))),(-2 + pi + (-2 * (1 / Sin(1/2))) + (2 * x) + (4/5 ^ x))
((-1 * Sin(x) * Cos(Cos(x))) + (2 * x * Cos((x ^ 2)))),(Sin((x ^ 2)) + Sin(Cos(x)))
(2/3 + (Ln(9/5) * (9/5 ^ (-3/4 + x)))),((2/3 * x) + (9/5 ^ (-3/4 + x)))
(1 + (4 * (x ^ 3))),(x + (2 * pi) + (x ^ 4))
(1 + (-3 * (x ^ 2)) + (-1 * x * (1 / (Sin(x) ^ 2)) * Cos(x)) + (1 / Sin(x))),(-9/4 + x + (-1 * (x ^ 3)) + (x * (1 / Sin(x))))
(1 + (Sin(x) * Sin(Cos(x)))),(-23/15 + x + Cos(Cos(x)))
(4 + (-3 * (1 / ((4/5 + x) ^ 4)))),(e + pi + (4 * x) + ((4/5 + x) ^ -3))
(-28 + (7 * x) + (1 / x)),((-28 * x) + (7/2 * (x ^ 2)) + (pi ^ -3/2) + Ln(x))
(-1 * e * Cos(x) * (1 / (Sin(x) ^ 2))),(pi + (1/3 * (2/3 ^ 9/2)) + (e * (1 / Sin(x))))
(1 + (4/3 * (1 / e))),(-1 + x + (4/3 * (1 / e) * x))
((1 / (Ln(7/5) * x)) + Cos(x)),(6 + Sin(x) + Log_7/5(x))
(1 + ((1 / (Ln(pi) * Sin(x))) * Cos(x))),(-8/3 + x + Log_pi(Sin(x)))
(1 + (2 * (e ^ 2) * x)),(3/5 + x + ((e ^ 2) * (x ^ 2)) + Sin(-4/3))
(((x * Cos(x)) + Sin(x)) * e),(-9 + (e * x * Sin(x)))
(3 + Cos((-4/3 + e + x))),(-12/5 + (3 * x) + Sin((-4/3 + e + x)))
((-1 * Sin(x)) + (2 * Cos(-1/2) * x)),(-1/2 + (Cos(-1/2) * (x ^ 2)) + Cos(x))
((-1/2 * Cos(e) * Log_6(5/4) * (1 / ((x ^ 1/2) * ((x ^ 1/2) ^ 2)))) + (2 * x)),((Cos(e) * Log_6(5/4) * (1 / (x ^ 1/2))) + (x ^ 2))
(1 + (4 * (x ^ 3)) + (6 * (x ^ 2))),(-2 + x + (2 * (x ^ 3)) + (x ^ 4))
(1 + (1 / (Ln(1/2) * x))),(-21/2 + e + x + Log_1/2(x))
(3 + (-6 * x) + Cos(x)),((-3 * (x ^ 2)) + (3 * x) + Sin(x))
(-5/3 + e + (10/3 * x)),(e + pi + (-5/3 * x) + (5/3 * (x ^ 2)) + (e * x))
(1 + e + (-3 * (1 / (x ^ 4)))),(e + x + (e * x) + (x ^ -3))
((-7 * Sin(1/2)) + Sin(-5/2)),(((-7 * Sin(1/2)) + Sin(-5/2)) * x)
((-3/10 * Sin((3/10 * x))) + (2 * x * Cos((x ^ 2)))),(Sin((x ^ 2)) + Cos((3/10 * x)))
(-1/4 + ((1 / (Ln(7) * Sin(x))) * Cos(x))),(-37/4 + (-1/4 * x) + Log_7(Sin(x)))
(-3 * Ln(2) * Ln(3/5)),(pi + (-3 * Ln(2) * Ln(3/5) * x) + Cos(-1))
(3 + (2/5 * (1 / (x ^ 3/5))) + Cos(x)),(pi + (3 * x) + (x ^ 2/5) + Sin(x))
(2 + (-21/4 * (1 / x)) + (21/4 * (-3 + x) * (1 / (x ^ 2)))),(8/3 + (-21/4 * (-3 + x) * (1 / x)) + (2 * x))
(1 + (-1 * x * Sin(x)) + Cos(x)),(-1 + x + (x * Cos(x)))
(2 + (3 * (1 / (3 + (3 * x))))),((2 * x) + Ln((3 + (3 * x))))
(1 + (Cos(x) * Cos(Sin(x)))),(e + x + (3 ^ 7/5) + Sin(Sin(x)))
((12 * Cos(-1/2) * x) + (((-5/4 * x * Sin(x)) + (5/4 * Cos(x))) * Cos(4))),((5/4 * Cos(4) * x * Cos(x)) + (6 * Cos(-1/2) * (x ^ 2)))
(2 + (-2 * Sin(x))),(5/4 + (-9/4 * pi) + (2 * x) + (2 * Cos(x)))
((2 * e) + (1 / x)),((2 * e * x) + Ln(x))
((-1 * Sin(x)) + (3 * (1 / x))),(Cos(x) + Ln((6 * (x ^ 3))))
((9/2 * x) + Cos(x)),(-1291/1029 + (9/4 * (x ^ 2)) + Sin(x))
((-1 * (-2/3 + x) * (1 / (x ^ 2))) + (1 / x)),(((-2/3 + x) * (1 / x)) + Ln(9))
(2 + (-4 * e * x)),(-17/12 + (-2 * e * (x ^ 2)) + (2 * x) + Cos(-1/4))
(1 + (e * (1 / x) * (Ln(x) ^ (-1 + e))) + (Ln(2/3) * (2/3 ^ x))),(3 + x + (2/3 ^ x) + (Ln(x) ^ e))
(-8 * Sin(-3/2) * Sin(x)),((8 * Sin(-3/2) * Cos(x)) + Ln(2))
((-1 * Sin(x)) + (((-1 * x * Sin(x)) + Cos(x)) * e * pi)),(2 + (e * pi * x * Cos(x)) + Cos(x))
(-5/4 + (2 * x) + (1 / x)),(1/2 + e + (-5/4 * x) + (-2 * pi) + (x ^ 2) + Cos(1/5) + Ln(x))
((-2 * Sin(x)) + (3/5 * Cos(x))),(5/2 + (2 * Cos(x)) + (3/5 * Sin(x)))
(2 + (-1 * Sin(x) * Ln(x)) + ((1 / x) * Cos(x))),(e + (2 * x) + (Cos(x) * Ln(x)) + (8 ^ 1/2))
(2 + (-6 * (1 / (x ^ 2)))),(-7/4 + pi + (2 * x) + (6 * (1 / x)))
(1 + (-7 * e * x)),(-8/5 + e + x + (-7/2 * e * (x ^ 2)))
(1 + (-1 * Sin((e + x)))),(2 + pi + x + Cos((e + x)))
(1 + (-1 * (pi ^ pi) * Sin(x))),(x + ((pi ^ pi) * Cos(x)))
(-1 * Ln(7/2) * (7/2 ^ x) * Sin((7/2 ^ x))),(-13/20 + Cos(-5/4) + Cos((7/2 ^ x)))
((-1 * Sin((1/2 + x))) + (Cos(x) * Cos(Sin(x)))),(Sin(-2) + Sin(Sin(x)) + Cos((1/2 + x)))
((-3/5 * e) + (9 ^ e)),(((-3/5 * e) + (9 ^ e)) * x)
(1 + (8 * Sin((-8 * x)))),(x + Cos(-4/3) + Cos((-8 * x)) + Ln(2))
(e + (1 / (-7/10 + x))),(-7/12 + (e * x) + Ln((-7/10 + x)))
(-1 * Ln(2) * Sin(x)),((Ln(2) * Cos(x)) + Cos(8/5))
(9/5 + (-1 * Cos(e) * Ln(2) * Sin(x))),((9/5 * x) + (Cos(e) * Ln(2) * Cos(x)) + Ln(2))
(1 + (-28/5 * x) + Cos(x)),(x + (-14/5 * (x ^ 2)) + Sin(x) + Cos(-4))
((2 * x) + Cos(x) + Cos((pi + x))),(2 + (x ^ 2) + Sin(x) + Sin((pi + x)))
((5/6 * x * Cos(x)) + (5/6 * Sin(x))),(3/5 + (5/6 * x * Sin(x)))
(1 + (-3 * Sin((pi + (3 * x))))),(x + Cos((pi + (3 * x))))
(1 + (-9 * (1 / (x ^ 2)))),(x + (9 * (1 / x)) + Cos(-31/3))
(1 + (-2 * pi * x)),(-1/10 + x + (-1 * pi * (x ^ 2)) + Sin((e ^ -2)))
(1 + Cos((e + x))),(pi + x + Sin(2) + Sin((e + x)))
(4 + (-2 * Sin(x))),(-9/4 + (2 * Cos(x)) + (4 * x))
(1 + (-1 * Sin((-13/5 + x)))),(x + Cos((-13/5 + x)))
(1 + (-1 * Sin(x)) + (1 / x)),(e + x + Cos(x) + Ln(x))
(1 + (-1 * pi * (1 / (x ^ 2)))),(x + (pi * (1 / x)))
(2 + (-1 * (1 / x) * Sin(Ln(x))) + Cos(x)),((2 * x) + Sin(x) + Cos(Ln(x)))
((-4 + (2 * x)) * (4 + e)),(-4/3 + (1/5 * pi) + ((-4 + x) * (4 + e) * x))
(2 + (-9/4 * (1 / (x ^ 13/4))) + Cos(x)),((2 * x) + (x ^ -9/4) + Sin(x))
(1 + (-1 * x * (1 / ((x ^ 2) ^ 3/2)))),(1/2 + x + ((x ^ 2) ^ -1/2))
(3 + (-2 * pi) + (-1 * Sin(x))),(-15/4 + (-2 * pi * x) + (3 * x) + Cos(x))
(2 + (-1 * Sin(x)) + (1 / x)),((2 * x) + Cos(x) + Ln(x))
(1 / (-7/2 + e + x)),(3 + Ln((-7/2 + e + x)))
(-3 * (1 / ((-4/5 + (3 * x)) ^ 2))),(((-4/5 + (3 * x)) ^ -1) + Ln(5/4))
((-1 * (1 / (e * ((x * (1 / e)) ^ 2))) * Ln(x)) + (Sin(x) * Sin(Cos(x))) + (1 / ((1 / e) * (x ^ 2)))),(e + ((1 / ((1 / e) * x)) * Ln(x)) + Cos(Cos(x)))
(3 + (2 * Cos(3/5) * e)),(19/2 + (2 * Cos(3/5) * e * x) + (3 * x) + Cos(8/3))
(4/9 + (2 * (1 / x))),((4/9 * x) + Ln(x) + Ln((3 * x)))
(-2 * x * Sin((x ^ 2))),(Cos((x ^ 2)) + Log_7/4(2))
(1 + Cos((6 + x))),(9/2 + x + (Ln(2) ^ -8/5) + Sin((6 + x)))
(1 + (((-1 * (x ^ 3) * Sin(x) * Ln(x)) + (3 * (x ^ 2) * Cos(x) * Ln(x)) + ((x ^ 2) * Cos(x))) * Sin(1))),(-1/4 + x + (Sin(1) * (x ^ 3) * Cos(x) * Ln(x)))
(2 + (-1 * Sin(Sin(x)) * Cos(x))),(-17/6 + (2 * x) + Cos(Sin(x)))
(21/8 * Sin((-21/8 * x))),(2 + Sin(-2) + Cos((-21/8 * x)))
((-1 * Sin(x) * Cos(Cos(x))) + (1 / x)),(5/4 + Sin(-1) + Sin(Cos(x)) + Ln(x))
(-2 * x * (1 / e)),(-3 + (-1 * (1 / e) * (x ^ 2)))
(-1 * e * (1 / (x ^ 2))),(-2 + pi + (e * (1 / x)))
(1 + (((-2/5 * x * Sin(x)) + (2/5 * Cos(x))) * e)),(x + (2/5 * e * x * Cos(x)) + Sin(e))
(1 + pi + (1 / x) + Ln(x)),((pi * x) + (x * Ln(x)) + Ln(x))
(2 + (-1 * Sin(x)) + (-1/5 * (1 / (x ^ 2)))),((1/5 * (1 / x)) + (2 * x) + Sin(5) + Cos(x))
(3 + (2/5 * (1 / (x ^ 7/5)) * Sin((x ^ -2/5)))),(-4 + (3 * x) + Cos((x ^ -2/5)))
(4 + (1 / (Ln(pi) * x))),(1 + e + (4 * x) + Log_pi(x))
(((x * Cos(x)) + Sin(x)) * e * (1 / pi)),(3 + ((1 / pi) * e * x * Sin(x)) + Sin(Ln(2)) + Ln(Cos(1/2)))
(2 + (-3 * (x ^ 2) * Sin((x ^ 3)))),((2 * x) + Cos((x ^ 3)))
(1 + (4/5 * x) + Cos(-3/4)),(7 + e + x + (2/5 * (x ^ 2)) + (Cos(-3/4) * x))
(-6 + (2 * e) + (2 * x)),((-6 * x) + (2 * e * x) + (x ^ 2) + Sin(2))
(-3 * e * ((e * (1 / x)) ^ 2) * (1 / (x ^ 2))),(pi + ((e * (1 / x)) ^ 3))
(1 + (-1 * (1 / (x ^ 2)) * Sin(x)) + ((1 / x) * Cos(x))),(5/4 + x + (2 * pi) + ((1 / x) * Sin(x)))
(-4/5 * Cos(x) * (1 / (Sin(x) ^ 9/5))),((-4/3 * e) + (Sin(x) ^ -4/5) + Cos(1/2))
(2 + (-1 * (1 / x))),(-4/3 + pi + (2 * x) + Ln((4/5 * (1 / x))))
(3 + ((1 / pi) * e) + ((1 / pi) * e * Ln(x))),((3 + ((1 / pi) * e * Ln(x))) * x)
(1 + (-1 * Sin((-3 + x)))),(-1/4 + x + Sin(-1) + Cos((-3 + x)))
(5/3 + (2 * Cos(x))),(-1/2 + e + (2 * Sin(x)) + (5/3 * x))
(1 + (x * Cos(x)) + Sin(x)),(3 + x + (x * Sin(x)))
(-4/3 + (1 / (Ln(pi) * x))),(-1 + (-4/3 * x) + Ln(2) + Log_pi(x))
(1 + (12/5 * (x ^ 7/5)) + (Ln(3) * (3 ^ Sin(x)) * Cos(x))),(x + (3 ^ Sin(x)) + (x ^ 12/5))
((1 / x) + (1 / (x * Ln(x)))),(Ln(x) + Ln(Ln(x)))
(1 + (-1 * Sin(x)) + (-1 * Sin(x) * Cos(Cos(x)))),(x + Sin(Cos(x)) + Cos(x))
(1 + (-9/2 * x) + (x * Cos(x)) + Sin(x)),(4/5 + x + (-9/4 * (x ^ 2)) + (x * Sin(x)))
(9/5 * Cos((9/5 * x))),(27/10 + Sin((9/5 * x)))
(1 + (-1 * x * (1 / ((-9/5 + x) ^ 2))) + (1 / (-9/5 + x))),(71/20 + e + x + (x * (1 / (-9/5 + x))))
(-7/2 + (e * (1 / (Cos(x) ^ 2)) * Sin(x))),(-54 + (-7/2 * x) + (e * (1 / Cos(x))))
(3 + (-4 * Sin(3)) + (-4 * Sin(3) * Ln(x))),((3 + (-4 * Sin(3) * Ln(x))) * x)
((-18/5 * x) + (-2 * e * pi * x) + (1 / x)),((-9/5 * (x ^ 2)) + (-1 * e * pi * (x ^ 2)) + Ln(x))
(1 + (81 * Sin(2) * (x ^ 2))),(x + (27 * Sin(2) * (x ^ 3)))
((-1 * (1 / (x ^ 2))) + (44/5 * x)),((22/5 * (x ^ 2)) + (1 / x))
(3 + (-2 * Sin(x))),(5/2 + e + (2 * Cos(x)) + (3 * x))
((-1 * (1 / x) * Sin(x)) + (-1 * (1 / (x ^ 2)) * Cos(x)) + (1 / pi)),(((1 / pi) * x) + ((1 / x) * Cos(x)) + Ln(2))
(1 + (2 * Sin(5/3)) + (e * pi * (1 / x))),(x + (2 * Sin(5/3) * x) + (e * pi * Ln(x)))
((2 * x) + (3 * (1 / e) * (x ^ 2)) + (9/4 * Cos(x))),((9/4 * Sin(x)) + ((1 / e) * (x ^ 3)) + (x ^ 2))
(1 + (-4/3 * (e ^ 2) * x)),(-2/3 + x + (-2/3 * (e ^ 2) * (x ^ 2)))
(1 + (-1 * (1 / (x ^ 2)))),(-2 + x + (x ^ -1) + Sin(3/4))
(-2 * Sin((2/3 + (2 * x)))),(Cos((2/3 + (2 * x))) + Ln(2))
(1 + (6/5 * (x ^ 1/5))),(-41/12 + e + x + (x ^ 6/5))
(2 + (pi * Cos(x))),(4/3 + pi + (2 * x) + (pi * Sin(x)))
(2 + (2 * x) + (4 * (1 / (x ^ 2)))),(-3 + (-4 * (1 / x)) + (2 * x) + (x ^ 2) + Sin(-5/3))
(1 + (-14/3 * x) + Cos(x)),(-1/3 + x + (-7/3 * (x ^ 2)) + Sin(x))
(3 + (8/5 * (1 / (x ^ 2)))),((-8/5 * (1 / x)) + (3 * x))
(3 + (8 * e * x * Sin((-4 * e * (x ^ 2))))),(2 + e + (3 * x) + Cos((-4 * e * (x ^ 2))))
(3 + (Sin(x) * Sin(Cos(x)))),((3 * x) + Cos(Cos(x)))
(1 + (-2 * (1 / ((-13/5 + x) ^ 3)))),(x + ((-13/5 + x) ^ -2))
((-6/5 * x) + (2 * Ln(1/4) * e * x * (1/4 ^ (e * (x ^ 2)))) + (18/5 * (x ^ 2))),((-3/5 * (x ^ 2)) + (6/5 * (x ^ 3)) + (1/4 ^ (e * (x ^ 2))))
((1/5 * (1 / (x ^ 2))) + (9/2 * e * x) + (1 / x)),(e + (-1/5 * (1 / x)) + (9/4 * e * (x ^ 2)) + Ln(x))
(1 + (-1 * (-63/5 + e) * (1 / (x ^ 2)))),(-2 + x + ((-63/5 + e) * (1 / x)))
(1 + (-9/4 * Cos(-9/4))),((1 + (-9/4 * Cos(-9/4))) * x)
(Ln(9/4) * e * (9/4 ^ (x ^ e)) * (x ^ (-1 + e))),(-3 + (9/4 ^ (x ^ e)))
(1 + (18 * x * Sin((-9 * (x ^ 2))))),(1/4 + x + Cos((-9 * (x ^ 2))))
(-56 + (27/2 * x * Sin((-27/4 * (x ^ 2))))),((-56 * x) + Cos((-27/4 * (x ^ 2))))
(2 + (-6 * (x ^ 2)) + (5/2 * (x ^ 3/2))),(2/5 + pi + (-2 * (x ^ 3)) + (2 * x) + (x ^ 5/2))
(1 + (3 * Cos(x))),(-5/2 + x + (3 * Sin(x)))
(2 + (-40/3 * pi * (x ^ (-1 + pi)))),(3/2 + pi + (-40/3 * (x ^ pi)) + (2 * x))
((-1 * Sin(x)) + (2 * (1 / (-9/5 + (2 * x)))) + (1 / x)),(1 + Cos(x) + Ln(x) + Ln((-9/5 + (2 * x))))
(1 + (-5/18 * pi * (1 / ((pi * x) ^ 2)) * Ln(x)) + (5/18 * (1 / (pi * (x ^ 2))))),(-9/4 + x + (5/18 * (1 / (pi * x)) * Ln(x)))
((2 * x) + (1 / x)),((x ^ 2) + Sin(2/5) + Ln(x))
(2 + ((1 / x) * Cos(Ln(x)))),(4/5 + (2 * x) + Sin(Ln(x)))
(2 + (3 * (x ^ 2))),(1 + (2 * x) + (x ^ 3) + Sin(3/2))
(1 + (-7/3 * e * x * Sin(x)) + (7/3 * e * Cos(x))),((1 + (7/3 * e * Cos(x))) * x)
(6 + (-1 * (-1 + x) * (1 / (x ^ 2))) + (1 / x)),(-9/5 + e + (6 * x) + ((-1 + x) * (1 / x)))
(-3 + (-1 * Sin(x)) + (3 * x)),((-3 * x) + (3/2 * (x ^ 2)) + Cos(x))
((12/5 * (x ^ 2)) + (1 / (x ^ 2))),((-1 * (1 / x)) + (4/5 * (x ^ 3)) + Ln(pi))
(1 + (-27 * Cos(-1/2)) + Cos(x)),(x + (-27 * Cos(-1/2) * x) + Sin(x))
(pi + (-1 * Sin(x))),(9/2 + e + (pi * x) + (3/2 ^ -1/2) + Sin(-6/5) + Cos(x))
(1 + (Ln(pi) * (pi ^ x))),(x + (-1/2 * pi) + (pi ^ x) + Cos(-1))
((-1 * (3/2 + x) * (1 / (Sin(x) ^ 2)) * Cos(x)) + (1 / Sin(x)) + Cos(x)),(8 + ((3/2 + x) * (1 / Sin(x))) + Sin(x))
(2 + (-6 * Cos(-7/4)) + (-6/5 * (1 / (x ^ 2)))),((-6 * Cos(-7/4) * x) + (2 * x) + (6/5 * (1 / x)))
(1 + (3 * Ln(6) * Cos(x))),(-2 + x + (3 * Ln(6) * Sin(x)))
(2 + (9/4 * (Sin(x) ^ 5/4) * Cos(x))),(pi + (2 * x) + (Sin(x) ^ 9/4) + Cos(-1))
(-3 + (e * ((17/2 + x) ^ (-1 + e)))),(7/2 + (-3 * x) + ((17/2 + x) ^ e))
(2 + pi + (-4 * (1 / (x ^ 5)))),(1 + e + (2 * x) + (pi * x) + (x ^ -4))
((-2 * x * (Sin(x) ^ 2) * Cos(x)) + (x * (Cos(x) ^ 3)) + ((Cos(x) ^ 2) * Sin(x)) + (Cos(x) * Cos(Sin(x)))),(-3 + (x * (Cos(x) ^ 2) * Sin(x)) + Sin(Sin(x)))
(1 + (-1 * x * (1 / (Sin(x) ^ 2)) * Cos(x)) + (2 * x) + (1 / Sin(x))),(9 + x + (x * (1 / Sin(x))) + (x ^ 2))
(2 * (x ^ 2) * Cos((2/3 * (x ^ 3)))),(-9/5 + Sin((2/3 * (x ^ 3))) + Cos(8))
(1 + (2 * Cos((2 * x)))),(x + Sin((2 * x)))
(4/5 + e + (-1 * Cos(-5/2) * (1 / ((1 + x) ^ 2)))),((4/5 * x) + (e * x) + (Cos(-5/2) * (1 / (1 + x))))
(3 + (-1/2 * e * pi * (1 / (x ^ 2)))),((1/2 * e * pi * (1 / x)) + (3 * x))
(2 + (Sin(x) * Sin(Cos(x)))),(-13/5 + pi + (2 * x) + Cos(Cos(x)))
(2 + (x * Cos(x)) + Sin(x)),((2 * x) + (x * Sin(x)) + Cos(7/3))
(3 + (-1 * (1 / x) * Sin(Ln(x)))),(5/2 + (3 * x) + Cos(Ln(x)))
(1 + (pi * (x ^ (-1 + pi)))),(-2 + x + (x ^ pi))
((-8/3 * (1 / (x ^ 11/3))) + (Sin(7) * Ln(3/2))),(39/5 + (Sin(7) * Ln(3/2) * x) + (x ^ -8/3))
(1 + (3 * (x ^ 2))),(x + (x ^ 3) + Sin(1/2))
(1 + (-3 * pi * (1 / ((pi * (x ^ 3)) ^ 2)) * (x ^ 2) * (x ^ e)) + (e * (1 / (pi * (x ^ 3))) * (x ^ (-1 + e)))),(pi + x + ((1 / (pi * (x ^ 3))) * (x ^ e)))
((-1 * Sin(x)) + (2 * Cos(x))),(6/5 + (2 * Sin(x)) + Cos(x))
(1 + (-9 * x * Sin(x)) + (9 * Cos(x))),((1 + (9 * Cos(x))) * x)
(3 + (2 * x) + (1 / x)),(19/20 + (3 * x) + (x ^ 2) + Ln(7/5) + Ln(x))
((2 * (1 / (-4/5 + (2 * x)))) + Cos(x)),(Sin(x) + Ln((-4/5 + (2 * x))))
(-1/6 * (1 / Sin(7/5))),(77/10 + e + (-1/6 * (1 / Sin(7/5)) * x))
(3 * x * (1 / pi)),((3/2 * (1 / pi) * (x ^ 2)) + (8/5 ^ 5/2))
(1 + (pi * (x ^ (-1 + pi)))),(4 + x + (e ^ 3) + (x ^ pi))
((-1 * Sin(x)) + (63/2 * (x ^ 6) * ((x ^ 7) ^ 7/2))),(((x ^ 7) ^ 9/2) + Cos(x))
(13/8 + (-1 * Sin(x)) + (1 / x)),(-2 + e + (13/8 * x) + Cos(x) + Ln(x))
(2 + (-8/5 * (1 / (x ^ 13/5)) * Cos((x ^ -8/5)))),(2 + (2 * x) + Sin((x ^ -8/5)) + Cos((-3/8 * e)))
(1 + (1 / (Ln(3/4) * x)) + Cos(x)),(x + Sin(x) + Cos(4/5) + Log_3/4((x * (1 / pi))))
(2 + (1 / (Ln(3/2) * x))),(-7/5 + (2 * x) + Sin(Cos(-2/5)) + Log_3/2(x))
(2 + (Ln(4/3) * pi * (4/3 ^ (pi * x)))),((2 * x) + (4/3 ^ (pi * x)))
(1 + (-9/5 * (e ^ 2) * (x ^ 2))),(x + (-3/5 * (e ^ 2) * (x ^ 3)))
(1 + (-5/7 * x * Cos(x)) + (-5/7 * Sin(x))),(-7/3 + x + (-5/7 * x * Sin(x)))
(2 + (x * (1 / (Cos(x) ^ 2)) * Sin(x)) + (1 / Cos(x)) + Cos(x)),(1/4 + pi + (2 * x) + (x * (1 / Cos(x))) + Sin(x))
(1 + (-5 * Cos(4) * Cos(x))),(-32/5 + x + (-5 * Cos(4) * Sin(x)))
(1 + (-2 * Sin(x))),(x + (2 * Cos(x)) + Ln(8))
(-5/3 * e * (1 / ((e * x) ^ 2))),(5/3 + (5/3 * (1 / (e * x))))
(1 + (1/2 * Cos(x))),(-4 + e + pi + x + (1/2 * Sin(x)))
(1 + (-1 * Sin(x)) + Cos(-3/2)),(-11/2 + x + (Cos(-3/2) * x) + Cos(x))
(pi * (x ^ (-1 + pi)) * Cos((x ^ pi))),(-4 + e + Sin((x ^ pi)))
(4 + (-1 * Sin(x)) + (1 / x)),(-1 + (4 * x) + Cos(-7/5) + Cos(x) + Ln(x))
(1 + (14/3 * pi * ((7/4 * pi * x) ^ 5/3))),(x + (Sin(-9) * Ln(2)) + ((7/4 * pi * x) ^ 8/3))
((-3/4 * pi * Sin((3/4 * pi * x))) + (-1 * Sin(Sin(x)) * Cos(x))),(-2 + Cos((3/4 * pi * x)) + Cos(Sin(x)) + Ln(1/5))
(1 + (Ln(7/4) * (7/4 ^ x))),(4/3 + x + (7/4 ^ x))
(1 + (-2 * x * (1 / ((-7/2 + (2 * x)) ^ 2))) + (1 / (-7/2 + (2 * x)))),(2 + x + (1/2 * pi) + (x * (1 / (-7/2 + (2 * x)))))
(1 + (-5 * (x ^ 2))),(x + (-5/3 * (x ^ 3)) + Sin(3/2))
(Ln(2) * (2 ^ x)),((2 ^ x) + Cos(-2/5))
(1 / (Ln(6/5) * x)),(19/3 + e + (pi ^ pi) + Ln(7/5) + Log_6/5(x))
(3 + (-1 * Sin(x) * Cos(Cos(x)))),((3 * x) + Sin(Cos(x)))
(2 + (-1 * Sin(x)) + (1 / x)),(-7/5 + pi + (2 * x) + Cos(x) + Ln(x))
(1 + (1 / pi) + (1 / (x ^ 2))),(-8/3 + e + x + (-1 * (1 / x)) + ((1 / pi) * x) + Log_5(e))
(1 + (-3 * (x ^ 2) * Sin((x ^ 3))) + (1 / x)),(x + Cos((x ^ 3)) + Ln(x))
(2 + (-81/8 * (1 / (x ^ 2)))),((2 * x) + (81/8 * (1 / x)))
(4/5 + (2 * Cos((-4/3 + pi + (2 * x))))),(-3/2 + (4/5 * x) + Sin((-4/3 + pi + (2 * x))))
(-1/4 * Sin((x ^ 1/4)) * (1 / (x ^ 3/4))),(-1/3 + Cos(-16) + Cos(e) + Cos((x ^ 1/4)))
(2 + (-1 * Log_pi(2) * (1 / (x ^ 2)))),(-6 + pi + (2 * x) + (Log_pi(2) * (1 / x)))
(2 + (3 * pi * (x ^ 2)) + (7/5 * e * (1 / (x ^ 2)))),((-7/5 * e * (1 / x)) + (2 * x) + (pi * (x ^ 3)))
(1 + (-1 * (1 / e) * Sin((x * (1 / e)))) + (4 * (x ^ 3))),(9 + x + (x ^ 4) + (Cos(3) ^ -3) + Cos((x * (1 / e))))
(((-1 * x * Sin(x)) + Cos(x)) * e),(-6/5 + (e * x * Cos(x)))
(1 + (-9 * Sin((9 * x))) + (1 / x)),(14/5 + x + Cos(-6/5) + Cos((9 * x)) + Ln(x))
((-1 * x * Sin(x)) + Cos(x)),(8/3 + (-1/4 * pi) + (x * Cos(x)) + Sin(-1/2))
(3 + (e * (x ^ (-1 + e)))),(-17/10 + (3 * x) + (x ^ e))
((-3/2 * (1 / (x ^ 5/2))) + (-2 * Sin(x) * Cos(x))),(1/4 + (x ^ -3/2) + (Cos(x) ^ 2))
(3 + (-5/4 * (Cos(x) ^ 1/4) * Sin(x))),(-3 + (3 * x) + (Cos(x) ^ 5/4))
(1 + (-1 * pi * (Cos(x) ^ (-1 + pi)) * Sin(x))),(-4 + x + (Cos(x) ^ pi))
((-4/5 * Sin((4/5 * x))) + (1 / x)),((15/4 * pi) + Cos((4/5 * x)) + Ln(x))
((-1 * (1 / x) * Sin(Ln(x))) + (1 / (5 + x))),(Cos(Ln(x)) + Ln((5 + x)))
(2 + (-1 * (1 / (x ^ 2))) + Cos(x)),(3 + (2 * x) + (x ^ -1) + Sin(x))
(2 * (1 / (Ln(4/3) * x))),(Ln(2) + Log_4/3((x ^ 2)))
((2 * Cos((-2 + (2 * x)))) + (1 / x)),(-179707/98415 + Sin((-2 + (2 * x))) + Ln(x))
((-4/5 * (1 / (x ^ 2))) + (-1 * Sin(x))),(9 + (4/5 * (1 / x)) + Cos(x))
(1 + (-3 * Sin((3 * x))) + (-1 * (1 / (x ^ 2)))),(64/125 + x + (1 / x) + Cos((3 * x)))
(1 + (14/3 * x * Cos((7/3 * (x ^ 2))))),(x + (pi ^ pi) + Sin((7/3 * (x ^ 2))))
(1 + (-1 * (1 / (x ^ 2)))),(9/4 + pi + x + (x ^ -1) + Cos(-1/5))
(5/3 * (1 / (x ^ 2))),(-4/3 + (-5/3 * (1 / x)) + Cos((34/5 + e)))
(2 + (-1 * Sin(x)) + (x * (1 / (Cos(x) ^ 2)) * Sin(x)) + (1 / Cos(x))),((2 * x) + (x * (1 / Cos(x))) + Cos(x))
(2 + (-1 * Sin(x)) + (-1/2 * Sin(2))),((-1/2 * Sin(2) * x) + (2 * x) + Cos(x))
(3 + (-1 * x * (1 / (Sin(x) ^ 2)) * Cos(x)) + (1 / Sin(x))),(-19/10 + pi + (3 * x) + (x * (1 / Sin(x))))
(Ln(1/2) * (1/2 ^ Sin(x)) * Cos(x)),(1/2 ^ Sin(x))
((-1 * Sin(x)) + (2 * e * ((2 * x) ^ (-1 + e)))),(((2 * x) ^ e) + Cos(x))
(2 + (-1 * pi * (1 / (x ^ 2)))),(17/10 + (2 * x) + (pi * (1 / x)))
(1 + (-1 * (1 / x))),(e + x + (-1 * Ln(x)) + Cos(e))
((-4 * Cos(e) * Sin(x)) + ((1 + (-4 * Cos(e) * x)) * Cos(x))),((1 + (-4 * Cos(e) * x)) * Sin(x))
(1 + (-1 * e * (Cos(x) ^ (-1 + e)) * Sin(x)) + (1 / x)),(1/2 + x + (Cos(x) ^ e) + Ln(x))
(42/25 * pi * (x ^ 1/5) * (1 / ((x ^ 6/5) ^ 2))),(8/5 + (-7/5 * pi * (1 / (x ^ 6/5))) + (27/10 * e))
(2 + (1/5 * (1 / (x ^ 2)))),((-1/5 * (1 / x)) + (2 * x) + Cos(14/5))
(2 + pi + (1 / (3 + x))),(-1/2 + (2 * x) + (pi * x) + Ln((3 + x)))
((Cos(x) * Cos(Sin(x))) + (1 / x)),(19/4 + Sin(Sin(x)) + Ln(x))
(2 + (-16/35 * (1 / (x ^ 2))) + (-1/5 * (1 / (Cos(x) ^ 4/5)) * Sin(x))),((2 * x) + (16/35 * (1 / x)) + (Cos(x) ^ 1/5))
(2 + (-1 * Ln(2) * (1 / (x ^ 2)))),((2 * x) + (Ln(2) * (1 / x)) + Cos((7 * (1 / pi))))
(2 + (-56/5 * Ln(9/5))),(4/5 + (-56/5 * Ln(9/5) * x) + (2 * x))
(1 + (-1 * pi * (1 / (Sin(x) ^ 2)) * Cos(x))),(x + (pi * (1 / Sin(x))) + Cos(-7/5))
(-2 * Sin((13/20 + (2 * x)))),(Cos((13/20 + (2 * x))) + Cos(Ln(1/5)))
(1 + pi + (2 * x)),(3 + x + (pi * x) + (x ^ 2) + Sin(-3/4))
(18/5 * ((2/5 * x) ^ 8)),(-27/20 + e + ((2/5 * x) ^ 9) + Ln(2))
((Ln(6/5) * (6/5 ^ x)) + Cos(x)),((6/5 ^ x) + Sin(-1/3) + Sin(x) + Cos(5/4))
(1 + (-7/5 * Ln(2/5) * (1 / (x ^ 2)) * (2/5 ^ (7/5 * (1 / x)))) + (1 / x)),(8/3 + x + (2/5 ^ (7/5 * (1 / x))) + Ln(x))
(3 + (2 * (1 / x))),(1/2 + (2 * Ln(x)) + (3 * x))
(2 + (-1 * (1 / (x * (Ln(x) ^ 2))) * Sin(x)) + ((1 / Ln(x)) * Cos(x))),(9/5 + (2 * x) + ((1 / Ln(x)) * Sin(x)))
(1 + (-9/4 * (1 / (x ^ 2)))),(x + (9/4 * (1 / x)))
(1 + (1/4 * Log_3/2(7) * Cos(x)) + Cos(x)),(-2 + x + (1/4 * Log_3/2(7) * Sin(x)) + Sin(x))
((-1 * Sin(x)) + (8 * Sin((-8 * x))) + (16/3 * x)),((8/3 * (x ^ 2)) + Cos(x) + Cos((-8 * x)))
(1 + (-3/2 * Ln(8) * (1 / (x ^ 2)))),(1/5 + x + (3/2 * Ln(8) * (1 / x)))
(1 + (-1 * e * Sin(x)) + Cos(x)),(9/4 + x + (e * Cos(x)) + Sin(x))
(1 + (Ln(8/3) * Ln(9) * (8/3 ^ x) * (9 ^ (8/3 ^ x)))),(-4 + x + (9 ^ (8/3 ^ x)))
((-6/5 * e * x) + (2 * Cos(x))),((-3/5 * e * (x ^ 2)) + (2 * Sin(x)))
(1 + (2 * (1 / (-3/5 + pi + (2 * x))))),(e + x + Cos(-4) + Ln((-3/5 + pi + (2 * x))))
((-1 * Sin(x)) + (((2 * x * Sin(x) * Cos(x)) + (Sin(x) ^ 2)) * Ln(2))),(pi + (Ln(2) * x * (Sin(x) ^ 2)) + Cos(x))
(2 * Cos((2 * x))),(-68/5 + Sin(-1/2) + Sin((2 * x)))
((12/5 + (2 * x)) * pi),(-7 + (((12/5 * x) + (x ^ 2)) * pi))
(-1 * pi * (Cos(x) ^ (-1 + pi)) * Sin(x)),(-8/3 + (Cos(x) ^ pi))
((-1 * Sin(x)) + Cos(x)),(-9/2 + Sin(x) + Cos(9/4) + Cos(x))
(1 + e + (Ln(5/3) * (5/3 ^ x) * Cos((5/3 ^ x)))),(e + x + (e * x) + Sin((5/3 ^ x)))
(1 + (2 * e * (1 / ((e * x) ^ 2)))),(x + (-2 * (1 / (e * x))) + Sin(-1/2) + Ln(Ln(pi)))
(Ln(1/4) * (1/4 ^ x)),(2/5 + (1/4 ^ x) + Sin((-1/4 + pi)))
(1 + (-2 * (1 / (Sin(x) ^ 3)) * Cos(x))),(-2 + e + x + (Sin(x) ^ -2))
(1 + (-9/5 * (1 / (x ^ 14/5)))),(pi + x + (x ^ -9/5) + Log_pi(Ln(pi)))
(4 + (-1 * Sin(x)) + (1 / x) + Cos((3/2 + x))),((4 * x) + Sin((3/2 + x)) + Cos(x) + Ln(x))
(4 + (1 / (Ln(7/4) * x))),(e + pi + (4 * x) + Log_7/4(x))
(-1 * pi * (1 / (x ^ 2))),((pi * (1 / x)) + Ln(2))
(((-1 * (x ^ 4/3) * Sin(x)) + (4/3 * (x ^ 1/3) * Cos(x))) * pi),(4/5 + pi + (pi * (x ^ 4/3) * Cos(x)))
(3/2 + (5/4 * Cos(x))),((3/2 * x) + (5/4 * Sin(x)))
(2 * Cos(3) * Sin(x) * Cos(x)),(4 + (Cos(3) * (Sin(x) ^ 2)))
(1 + (3 * Ln(7) * (7 ^ (x ^ 3)) * (x ^ 2))),(x + (7 ^ (x ^ 3)))
(2 + (-8/3 * Ln(3/2) * (1 / (x ^ 11/3)) * (3/2 ^ (x ^ -8/3))) + (-1 * Sin(x))),((2 * x) + (3/2 ^ (x ^ -8/3)) + Cos(x))
(2 + (-9/2 * (1 / (x ^ 11/2))) + (1 / x)),(-7/4 + (2 * x) + (x ^ -9/2) + Ln(x))
(1 + (-8/5 * Ln(5/4) * pi * (5/4 ^ (-8/5 * pi * x))) + Cos(x)),(-1 + x + (5/4 ^ (-8/5 * pi * x)) + Sin(x))
((-2 * x * (1 / ((e + x) ^ 2))) + (2 * (1 / (e + x)))),(2 * x * (1 / (e + x)))
(2 + (-1 * Ln(6) * (1 / (6 ^ x)))),(71/6 + (2 * x) + ((6 ^ x) ^ -1))
((-2/5 * x * Cos(x)) + (1/5 * (x ^ 2) * Sin(x))),(e + pi + (-1/5 * (x ^ 2) * Cos(x)))
(-1 * Sin(Sin(x)) * Cos(x)),(-8/3 + (-1 * e) + Cos(Sin(x)))
(1 + (2 * Cos(x)) + ((1/4 + (-2 * x)) * Sin(x))),(e + x + ((-1/4 + (2 * x)) * Cos(x)) + (2/3 ^ Sin(-4/3)))
((4/5 * (1 / (Cos(x) ^ 9/5)) * Sin(x)) + (e * (x ^ (-1 + e)))),(-1 + (x ^ e) + (Cos(x) ^ -4/5))
(1 + (-7 * (1 / (x ^ 2)))),(-8 + pi + x + (7 * (1 / x)))
(1 + (-1 * x * Sin(x) * Log_4(x)) + ((1 / Ln(4)) * Cos(x)) + (Cos(x) * Log_4(x))),(3/5 + x + (x * Cos(x) * Log_4(x)))
(1 + (-8 * (1 / (x ^ 9))) + (-3 * (1 / (x ^ 2))) + Cos(x)),(-5/4 + x + (3 * (1 / x)) + (x ^ -8) + Sin(x))
(-4 * Sin((4 * x))),(1/4 + Cos((4 * x)))
(13/5 + (-3 * Ln(2))),((13/5 + (-3 * Ln(2))) * x)
(2 + (-3/2 * (1 / (x ^ 5/2)))),(e + pi + (2 * x) + (x ^ -3/2))
(Cos(x) * (1 / Sin(x))),(Sin(Log_4/3(4)) + Ln(Sin(x)))
(1 + (-1 * (7/4 + pi + x) * (1 / ((5/4 + x) ^ 2))) + (1 / (5/4 + x))),(-17/2 + x + ((7/4 + pi + x) * (1 / (5/4 + x))))
((2 * e * ((13/4 + (2 * x)) ^ (-1 + e))) + (3 * (1 / (-3 + (3 * x))))),(((13/4 + (2 * x)) ^ e) + Ln(pi) + Ln((-3 + (3 * x))))
(1 + (1 / (x * Ln(x)))),(-1/3 + e + pi + x + Ln(Ln(x)) + Log_9/4(Sin(-5)))
(2 + (-10/3 * x) + (-1 * Sin((pi + x)))),((-5/3 * (x ^ 2)) + (2 * x) + Cos(-1/4) + Cos((pi + x)))
((2 * x) + Cos(x)),(e + (x ^ 2) + Sin(x) + Cos(-1))
(1 + ((1 + Ln(x)) * e)),(29/3 + e + x + (e * x * Ln(x)))
(1 + (-1 * Ln(3) * e * (1 / (x ^ 2)) * (3 ^ (e * (1 / x)))) + (Cos(x) * Cos(Sin(x)))),(e + x + (3 ^ (e * (1 / x))) + Sin(8) + Sin(Sin(x)))
((-1/2 * Sin(-2) * (1 / (x ^ 2))) + (3 * (x ^ 2))),(e + (1/2 * Sin(-2) * (1 / x)) + (2 * pi) + (x ^ 3))
(1 + (-2 * Sin((2 * x)))),(e + pi + x + Cos((2 * x)))
(2 + (-4/5 * x) + (1 / x)),(-12/5 + e + (-2/5 * (x ^ 2)) + (2 * x) + Ln(x))
(1 + (5 * pi * x)),(1/4 + x + (1/2 * (1 / e)) + (5/2 * pi * (x ^ 2)) + Sin(-2))
(2 + (14 * pi * x)),((2 * x) + (7 * pi * (x ^ 2)) + Sin(3/5))
(1 + (-2 * Sin(x) * Cos(x))),(-67/20 + x + (Cos(x) ^ 2))
(1 + (((-30 * x * Cos(x)) + (15 * (x ^ 2) * Sin(x))) * e)),(x + (-15 * e * (x ^ 2) * Cos(x)))
(1 + (-3/2 * (pi ^ 2) * Sin((3/2 * (pi ^ 2) * x)))),(14/3 + e + pi + x + Cos((3/2 * (pi ^ 2) * x)))
(2 + (28 * Sin((-28 * x)))),((2 * x) + Cos((-28 * x)))
(3 + (-4 * Cos(1) * (1 / x))),((-4 * Cos(1) * Ln(x)) + (3 * x))
(4 * ((2 + x) ^ 3)),(1 + ((2 + x) ^ 4))
(5/2 * ((-5/3 + x) ^ 3/2)),(-3/5 + ((-5/3 + x) ^ 5/2) + Ln(1/4))
(1 + (2 * (e ^ (2 * x)))),(2 + e + pi + x + (e ^ (2 * x)))
(-2 * (1 / ((-21/4 + (2 * x)) ^ 2))),((-21/4 + (2 * x)) ^ -1)
(((-5 * Cos(x)) + (5 * x * Sin(x))) * e),(8/3 + e + (-5 * e * x * Cos(x)))
(2 + (e * Cos(x))),(7 + (2 * x) + (e * Sin(x)) + Log_5(pi))
(1 + (12/5 * (x ^ 2))),(4/5 + e + x + (4/5 * (x ^ 3)) + Ln(1/3))
(1 + (2/5 * (1 / (x ^ 2)))),(x + (-2/5 * (1 / x)) + (e ^ pi) + Ln(2))
(1 + Cos((pi + x))),(-1 + pi + x + Sin((pi + x)) + Cos(2))
((2 * e * x) + (1 / (2 ^ 5/4))),(-1/2 + (e * (x ^ 2)) + ((1 / (2 ^ 5/4)) * x))
(pi * Sin((pi * (1 / x))) * (1 / (x ^ 2))),(-3/16 + Cos((pi * (1 / x))))
(1 + (-1 * Sin(x)) + (2 * (1 / (7/2 + (2 * x))))),(x + Cos(x) + Ln((7/2 + (2 * x))))
(2 + (Sin(5/3) * e)),(-10 + (2 * x) + (Sin(5/3) * e * x) + Cos(Sin(7/3)))
(1 + (3 * e * pi * (x ^ 2))),(x + (e * pi * (x ^ 3)))
((-4 * x) + (3 * (x ^ 2))),(8 + (-2 * (x ^ 2)) + (x ^ 3) + Sin(-2/3) + Ln(2))
((1 / x) + (1 / (pi + x + (2 * e)))),(Ln(x) + Ln((pi + x + (2 * e))) + Ln(Cos(-7/5)))
(-1 * Sin((-32/5 + x))),(-7/5 + e + Cos((-32/5 + x)))
(3 + (-2 * pi * x)),(9/2 + e + (-1 * pi * (x ^ 2)) + (3 * x))
((-1 * Ln(2) * (1 / (x ^ 2))) + Cos(x)),((Ln(2) * (1 / x)) + Sin(x) + Cos(1) + Cos(2/5))
(1 + (2 * x) + (10 * Sin(x))),(3 + x + (-10 * Cos(x)) + (x ^ 2))
(6/5 + (-1 * Sin(x))),((6/5 * x) + Cos(x) + Log_7/5(e))
(1 + (-1 * Sin(x)) + (1 / pi)),(32/5 + x + ((1 / pi) * x) + Cos(x))
(-8 + (1 / Ln(1/3)) + Log_1/3(x)),((-8 + Log_1/3(x)) * x)
(2 + (-1 * (x ^ 3))),((-1/4 * (x ^ 4)) + (2 * x))
(1 + (-2 * Sin((e + (2 * x))))),(32/5 + x + Cos((e + (2 * x))))
(2 + (pi * (x ^ (-1 + pi)))),(5/2 + pi + (2 * x) + (x ^ pi))
(1 + (-1 * Sin((pi + x))) + (e * pi)),(8 + x + (e * pi * x) + Cos((pi + x)) + Ln(pi))
(1 + (pi * Cos(x)) + Cos(x)),(pi + x + (pi * Sin(x)) + Sin(x))
(1 + (24/5 * e * (x ^ 19/5))),(-1 + x + (e * (x ^ 24/5)))
((-1 * Sin((-5/4 + x))) + (2 * e * Cos(x))),((2 * e * Sin(x)) + Cos((-5/4 + x)) + Ln(2))
((-1 * Sin(x)) + (Ln(7/3) * (1 / x) * (7/3 ^ Ln(x)))),((2 * pi) + (7/3 ^ Ln(x)) + Cos(x))
(2 + (-3 * Sin(x)) + (-2 * x * Cos(x))),((-2 * x * Sin(x)) + (2 * x) + Cos(x))
(1 + (-9/2 * (1 / (e ^ 5/4)) * Cos(x))),(3/5 + pi + x + (-9/2 * (1 / (e ^ 5/4)) * Sin(x)))
(1 + (9/4 * (x ^ 5/4))),(4/3 + x + (2 * pi) + (x ^ 9/4))
(1 + (2 * Ln(2) * e * x)),(1 + x + (Ln(2) * e * (x ^ 2)))
(1 + (2 * (1 / (1/5 + (2 * x))))),(x + Cos(-9/4) + Ln((1/5 + (2 * x))))
(((-2 * (x ^ 2) * Sin(x)) + (4 * x * Cos(x))) * Ln(2)),(5 + (2 * Ln(2) * (x ^ 2) * Cos(x)))
